-- public.bupati definition

-- Drop table

-- DROP TABLE public.bupati;

CREATE TABLE public.bupati (
	id serial4 NOT NULL,
	nama_bupati varchar NULL,
	periode varchar NULL
);

-- Permissions

ALTER TABLE public.bupati OWNER TO chat_bot_kab_bantul;
GRANT ALL ON TABLE public.bupati TO chat_bot_kab_bantul;

-- public.kecamatan definition

-- Drop table

-- DROP TABLE public.kecamatan;

CREATE TABLE public.kecamatan (
	id serial4 NOT NULL,
	nama_kecamatan varchar NULL
);

-- Permissions

ALTER TABLE public.kecamatan OWNER TO chat_bot_kab_bantul;
GRANT ALL ON TABLE public.kecamatan TO chat_bot_kab_bantul;

-- public.kelurahan definition

-- Drop table

-- DROP TABLE public.kelurahan;

CREATE TABLE public.kelurahan (
	id serial4 NOT NULL,
	nama_kelurahan varchar NULL,
	id_kecamatan int4 NOT NULL
);

-- Permissions

ALTER TABLE public.kelurahan OWNER TO chat_bot_kab_bantul;
GRANT ALL ON TABLE public.kelurahan TO chat_bot_kab_bantul;

-- public.dusun definition

-- Drop table

-- DROP TABLE public.dusun;

CREATE TABLE public.dusun (
	id serial4 NOT NULL,
	nama_dusun varchar NULL,
	id_kelurahan int4 NOT NULL
);

-- Permissions

ALTER TABLE public.dusun OWNER TO chat_bot_kab_bantul;
GRANT ALL ON TABLE public.dusun TO chat_bot_kab_bantul;

-- Kecamatan
INSERT INTO public.kecamatan (id, nama_kecamatan) VALUES(1, 'Srandakan');
INSERT INTO public.kecamatan (id, nama_kecamatan) VALUES(2, 'Sanden');
INSERT INTO public.kecamatan (id, nama_kecamatan) VALUES(3, 'Kretek');
INSERT INTO public.kecamatan (id, nama_kecamatan) VALUES(4, 'Pundong');
INSERT INTO public.kecamatan (id, nama_kecamatan) VALUES(6, 'Pandak');
INSERT INTO public.kecamatan (id, nama_kecamatan) VALUES(7, 'Pajangan');
INSERT INTO public.kecamatan (id, nama_kecamatan) VALUES(8, 'Bantul');
INSERT INTO public.kecamatan (id, nama_kecamatan) VALUES(9, 'Jetis');
INSERT INTO public.kecamatan (id, nama_kecamatan) VALUES(10, 'Imogiri');
INSERT INTO public.kecamatan (id, nama_kecamatan) VALUES(11, 'Dlingo');
INSERT INTO public.kecamatan (id, nama_kecamatan) VALUES(12, 'BANGUNTAPAN');
INSERT INTO public.kecamatan (id, nama_kecamatan) VALUES(13, 'PLERET');
INSERT INTO public.kecamatan (id, nama_kecamatan) VALUES(14, 'PIYUNGAN');
INSERT INTO public.kecamatan (id, nama_kecamatan) VALUES(15, 'SEWON');
INSERT INTO public.kecamatan (id, nama_kecamatan) VALUES(16, 'KASIHAN');
INSERT INTO public.kecamatan (id, nama_kecamatan) VALUES(17, 'SEDAYU');
INSERT INTO public.kecamatan (id, nama_kecamatan) VALUES(5, 'Bambanglipurro');

-- Kelurahan
INSERT INTO public.kelurahan (id, nama_kelurahan, id_kecamatan) VALUES(39, 'Poncosari', 1);
INSERT INTO public.kelurahan (id, nama_kelurahan, id_kecamatan) VALUES(40, 'Trimurti', 1);
INSERT INTO public.kelurahan (id, nama_kelurahan, id_kecamatan) VALUES(41, 'Gadingsari', 2);
INSERT INTO public.kelurahan (id, nama_kelurahan, id_kecamatan) VALUES(42, 'Gadingharjo', 2);
INSERT INTO public.kelurahan (id, nama_kelurahan, id_kecamatan) VALUES(43, 'Srigading', 2);
INSERT INTO public.kelurahan (id, nama_kelurahan, id_kecamatan) VALUES(44, 'Murtigading', 2);
INSERT INTO public.kelurahan (id, nama_kelurahan, id_kecamatan) VALUES(45, 'Tirtomulyo', 3);
INSERT INTO public.kelurahan (id, nama_kelurahan, id_kecamatan) VALUES(46, 'Parangtritis', 3);
INSERT INTO public.kelurahan (id, nama_kelurahan, id_kecamatan) VALUES(47, 'Donotirto', 3);
INSERT INTO public.kelurahan (id, nama_kelurahan, id_kecamatan) VALUES(48, 'Tirtosari', 3);
INSERT INTO public.kelurahan (id, nama_kelurahan, id_kecamatan) VALUES(49, 'Tirtohargo', 3);
INSERT INTO public.kelurahan (id, nama_kelurahan, id_kecamatan) VALUES(50, 'Seloharjo', 4);
INSERT INTO public.kelurahan (id, nama_kelurahan, id_kecamatan) VALUES(51, 'Panjangrejo', 4);
INSERT INTO public.kelurahan (id, nama_kelurahan, id_kecamatan) VALUES(52, 'Srihardono', 4);
INSERT INTO public.kelurahan (id, nama_kelurahan, id_kecamatan) VALUES(53, 'Sidomulyo', 5);
INSERT INTO public.kelurahan (id, nama_kelurahan, id_kecamatan) VALUES(54, 'Mulyodadi', 5);
INSERT INTO public.kelurahan (id, nama_kelurahan, id_kecamatan) VALUES(55, 'Sumbermulyo', 5);
INSERT INTO public.kelurahan (id, nama_kelurahan, id_kecamatan) VALUES(56, 'Caturharjo', 6);
INSERT INTO public.kelurahan (id, nama_kelurahan, id_kecamatan) VALUES(57, 'Triharjo', 6);
INSERT INTO public.kelurahan (id, nama_kelurahan, id_kecamatan) VALUES(58, 'Gilangharjo', 6);
INSERT INTO public.kelurahan (id, nama_kelurahan, id_kecamatan) VALUES(59, 'Wijirejo', 6);
INSERT INTO public.kelurahan (id, nama_kelurahan, id_kecamatan) VALUES(60, 'Triwidadi', 7);
INSERT INTO public.kelurahan (id, nama_kelurahan, id_kecamatan) VALUES(61, 'Sendangsari', 7);
INSERT INTO public.kelurahan (id, nama_kelurahan, id_kecamatan) VALUES(62, 'Guwosari', 7);
INSERT INTO public.kelurahan (id, nama_kelurahan, id_kecamatan) VALUES(63, 'Palbapang', 8);
INSERT INTO public.kelurahan (id, nama_kelurahan, id_kecamatan) VALUES(64, 'Ringinharjo', 8);
INSERT INTO public.kelurahan (id, nama_kelurahan, id_kecamatan) VALUES(65, 'Bantul', 8);
INSERT INTO public.kelurahan (id, nama_kelurahan, id_kecamatan) VALUES(66, 'Trirenggo', 8);
INSERT INTO public.kelurahan (id, nama_kelurahan, id_kecamatan) VALUES(67, 'Sabdodadi', 8);
INSERT INTO public.kelurahan (id, nama_kelurahan, id_kecamatan) VALUES(68, 'Patalan', 9);
INSERT INTO public.kelurahan (id, nama_kelurahan, id_kecamatan) VALUES(69, 'Canden', 9);
INSERT INTO public.kelurahan (id, nama_kelurahan, id_kecamatan) VALUES(70, 'Sumberagung', 9);
INSERT INTO public.kelurahan (id, nama_kelurahan, id_kecamatan) VALUES(71, 'Trimulyo', 9);
INSERT INTO public.kelurahan (id, nama_kelurahan, id_kecamatan) VALUES(72, 'Selopamioro', 10);
INSERT INTO public.kelurahan (id, nama_kelurahan, id_kecamatan) VALUES(73, 'Sriharjo', 10);
INSERT INTO public.kelurahan (id, nama_kelurahan, id_kecamatan) VALUES(74, 'Wukirsari', 10);
INSERT INTO public.kelurahan (id, nama_kelurahan, id_kecamatan) VALUES(75, 'Kebonagung', 10);
INSERT INTO public.kelurahan (id, nama_kelurahan, id_kecamatan) VALUES(76, 'Karangtengah', 10);
INSERT INTO public.kelurahan (id, nama_kelurahan, id_kecamatan) VALUES(77, 'Girirejo', 10);
INSERT INTO public.kelurahan (id, nama_kelurahan, id_kecamatan) VALUES(78, 'Karangtalun', 10);
INSERT INTO public.kelurahan (id, nama_kelurahan, id_kecamatan) VALUES(79, 'Imogiri', 10);
INSERT INTO public.kelurahan (id, nama_kelurahan, id_kecamatan) VALUES(80, 'Mangunan', 11);
INSERT INTO public.kelurahan (id, nama_kelurahan, id_kecamatan) VALUES(81, 'Muntuk', 11);
INSERT INTO public.kelurahan (id, nama_kelurahan, id_kecamatan) VALUES(82, 'Dlingo', 11);
INSERT INTO public.kelurahan (id, nama_kelurahan, id_kecamatan) VALUES(83, 'Temuwuh', 11);
INSERT INTO public.kelurahan (id, nama_kelurahan, id_kecamatan) VALUES(84, 'Terong', 11);
INSERT INTO public.kelurahan (id, nama_kelurahan, id_kecamatan) VALUES(85, 'Jatimulyo', 11);
INSERT INTO public.kelurahan (id, nama_kelurahan, id_kecamatan) VALUES(86, 'BATURETNO', 12);
INSERT INTO public.kelurahan (id, nama_kelurahan, id_kecamatan) VALUES(87, 'BANGUNTAPAN', 12);
INSERT INTO public.kelurahan (id, nama_kelurahan, id_kecamatan) VALUES(88, 'JAGALAN', 12);
INSERT INTO public.kelurahan (id, nama_kelurahan, id_kecamatan) VALUES(89, 'SINGOSAREN', 12);
INSERT INTO public.kelurahan (id, nama_kelurahan, id_kecamatan) VALUES(90, 'JAMBIDAN', 12);
INSERT INTO public.kelurahan (id, nama_kelurahan, id_kecamatan) VALUES(91, 'POTORONO', 12);
INSERT INTO public.kelurahan (id, nama_kelurahan, id_kecamatan) VALUES(92, 'TAMANAN', 12);
INSERT INTO public.kelurahan (id, nama_kelurahan, id_kecamatan) VALUES(93, 'WIROKERTEN', 12);
INSERT INTO public.kelurahan (id, nama_kelurahan, id_kecamatan) VALUES(94, 'WONOKROMO', 13);
INSERT INTO public.kelurahan (id, nama_kelurahan, id_kecamatan) VALUES(95, 'PLERET', 13);
INSERT INTO public.kelurahan (id, nama_kelurahan, id_kecamatan) VALUES(96, 'SEGOROYOSO', 13);
INSERT INTO public.kelurahan (id, nama_kelurahan, id_kecamatan) VALUES(97, 'BAWURAN', 13);
INSERT INTO public.kelurahan (id, nama_kelurahan, id_kecamatan) VALUES(98, 'WONOLELO', 13);
INSERT INTO public.kelurahan (id, nama_kelurahan, id_kecamatan) VALUES(99, 'SITIMULYO', 14);
INSERT INTO public.kelurahan (id, nama_kelurahan, id_kecamatan) VALUES(100, 'SRIMULYO', 14);
INSERT INTO public.kelurahan (id, nama_kelurahan, id_kecamatan) VALUES(101, 'SRIMARTANI', 14);
INSERT INTO public.kelurahan (id, nama_kelurahan, id_kecamatan) VALUES(86, 'PENDOWOHARJO', 15);
INSERT INTO public.kelurahan (id, nama_kelurahan, id_kecamatan) VALUES(87, 'TIMBULHARJO', 15);
INSERT INTO public.kelurahan (id, nama_kelurahan, id_kecamatan) VALUES(88, 'BANGUNHARJO', 15);
INSERT INTO public.kelurahan (id, nama_kelurahan, id_kecamatan) VALUES(89, 'PANGGUNGHARJO', 15);
INSERT INTO public.kelurahan (id, nama_kelurahan, id_kecamatan) VALUES(90, 'BANGUNJIWO', 16);
INSERT INTO public.kelurahan (id, nama_kelurahan, id_kecamatan) VALUES(91, 'TIRTONIRMOLO', 16);
INSERT INTO public.kelurahan (id, nama_kelurahan, id_kecamatan) VALUES(92, 'TAMANTIRTO', 16);
INSERT INTO public.kelurahan (id, nama_kelurahan, id_kecamatan) VALUES(93, 'NGESTIHARJO', 16);
INSERT INTO public.kelurahan (id, nama_kelurahan, id_kecamatan) VALUES(94, 'ARGODADI', 17);
INSERT INTO public.kelurahan (id, nama_kelurahan, id_kecamatan) VALUES(95, 'ARGOREJO', 17);
INSERT INTO public.kelurahan (id, nama_kelurahan, id_kecamatan) VALUES(96, 'ARGOSARI', 17);
INSERT INTO public.kelurahan (id, nama_kelurahan, id_kecamatan) VALUES(97, 'ARGOMULYO', 17);

-- Dusun
INSERT INTO public.dusun (id, nama_dusun, id_kelurahan) VALUES(88, 'Dayu', 41);
INSERT INTO public.dusun (id, nama_dusun, id_kelurahan) VALUES(89, 'Kenteng', 41);
INSERT INTO public.dusun (id, nama_dusun, id_kelurahan) VALUES(90, 'Ketalo', 41);
INSERT INTO public.dusun (id, nama_dusun, id_kelurahan) VALUES(91, 'Klatak', 41);
INSERT INTO public.dusun (id, nama_dusun, id_kelurahan) VALUES(92, 'Soka', 41);
INSERT INTO public.dusun (id, nama_dusun, id_kelurahan) VALUES(93, 'Sorobayan', 41);
INSERT INTO public.dusun (id, nama_dusun, id_kelurahan) VALUES(94, 'Bongos I', 41);
INSERT INTO public.dusun (id, nama_dusun, id_kelurahan) VALUES(95, 'Bongos II', 41);
INSERT INTO public.dusun (id, nama_dusun, id_kelurahan) VALUES(96, 'Klakaran', 41);
INSERT INTO public.dusun (id, nama_dusun, id_kelurahan) VALUES(97, 'Tegesan', 41);
INSERT INTO public.dusun (id, nama_dusun, id_kelurahan) VALUES(98, 'Nampan', 41);
INSERT INTO public.dusun (id, nama_dusun, id_kelurahan) VALUES(99, 'Nanggulan', 41);
INSERT INTO public.dusun (id, nama_dusun, id_kelurahan) VALUES(100, 'Demakan', 41);
INSERT INTO public.dusun (id, nama_dusun, id_kelurahan) VALUES(101, 'Wonorejo I', 41);
INSERT INTO public.dusun (id, nama_dusun, id_kelurahan) VALUES(102, 'Wonorejo II', 41);
INSERT INTO public.dusun (id, nama_dusun, id_kelurahan) VALUES(103, 'Patihan', 41);
INSERT INTO public.dusun (id, nama_dusun, id_kelurahan) VALUES(104, 'Wonoroto', 41);
INSERT INTO public.dusun (id, nama_dusun, id_kelurahan) VALUES(105, 'Demangan', 41);
INSERT INTO public.dusun (id, nama_dusun, id_kelurahan) VALUES(106, 'Kalimundu', 42);
INSERT INTO public.dusun (id, nama_dusun, id_kelurahan) VALUES(107, 'Daleman', 42);
INSERT INTO public.dusun (id, nama_dusun, id_kelurahan) VALUES(108, 'Merten', 42);
INSERT INTO public.dusun (id, nama_dusun, id_kelurahan) VALUES(109, 'Ngujung', 42);
INSERT INTO public.dusun (id, nama_dusun, id_kelurahan) VALUES(110, 'Pranti', 42);
INSERT INTO public.dusun (id, nama_dusun, id_kelurahan) VALUES(111, 'Karanganyar', 42);
INSERT INTO public.dusun (id, nama_dusun, id_kelurahan) VALUES(112, 'Gedongan', 43);
INSERT INTO public.dusun (id, nama_dusun, id_kelurahan) VALUES(113, 'Ceme', 43);
INSERT INTO public.dusun (id, nama_dusun, id_kelurahan) VALUES(114, 'Celep', 43);
INSERT INTO public.dusun (id, nama_dusun, id_kelurahan) VALUES(115, 'Tinggen', 43);
INSERT INTO public.dusun (id, nama_dusun, id_kelurahan) VALUES(116, 'Bonggalan', 43);
INSERT INTO public.dusun (id, nama_dusun, id_kelurahan) VALUES(117, 'Kalijurang', 43);
INSERT INTO public.dusun (id, nama_dusun, id_kelurahan) VALUES(118, 'Ngunan-unan', 43);
INSERT INTO public.dusun (id, nama_dusun, id_kelurahan) VALUES(119, 'Wuluhadeg', 43);
INSERT INTO public.dusun (id, nama_dusun, id_kelurahan) VALUES(120, 'Wirosutan', 43);
INSERT INTO public.dusun (id, nama_dusun, id_kelurahan) VALUES(121, 'Srabahan', 43);
INSERT INTO public.dusun (id, nama_dusun, id_kelurahan) VALUES(122, 'Gokerten', 43);
INSERT INTO public.dusun (id, nama_dusun, id_kelurahan) VALUES(123, 'Sangkeh', 43);
INSERT INTO public.dusun (id, nama_dusun, id_kelurahan) VALUES(124, 'Malangan', 43);
INSERT INTO public.dusun (id, nama_dusun, id_kelurahan) VALUES(125, 'Dengokan', 43);
INSERT INTO public.dusun (id, nama_dusun, id_kelurahan) VALUES(126, 'Dodogan', 43);
INSERT INTO public.dusun (id, nama_dusun, id_kelurahan) VALUES(127, 'Ngemplak', 43);
INSERT INTO public.dusun (id, nama_dusun, id_kelurahan) VALUES(128, 'Ngepet', 43);
INSERT INTO public.dusun (id, nama_dusun, id_kelurahan) VALUES(129, 'Tegalrejo', 43);
INSERT INTO public.dusun (id, nama_dusun, id_kelurahan) VALUES(130, 'Cetan', 43);
INSERT INTO public.dusun (id, nama_dusun, id_kelurahan) VALUES(131, 'Sogesanden', 43);
INSERT INTO public.dusun (id, nama_dusun, id_kelurahan) VALUES(64, 'Singgelo', 39);
INSERT INTO public.dusun (id, nama_dusun, id_kelurahan) VALUES(65, 'Talkondo', 39);
INSERT INTO public.dusun (id, nama_dusun, id_kelurahan) VALUES(66, 'Godekan', 39);
INSERT INTO public.dusun (id, nama_dusun, id_kelurahan) VALUES(67, 'Wonotingal', 39);
INSERT INTO public.dusun (id, nama_dusun, id_kelurahan) VALUES(68, 'Bayuran', 39);
INSERT INTO public.dusun (id, nama_dusun, id_kelurahan) VALUES(69, 'Polosiyo', 39);
INSERT INTO public.dusun (id, nama_dusun, id_kelurahan) VALUES(70, 'Gunturgeni', 39);
INSERT INTO public.dusun (id, nama_dusun, id_kelurahan) VALUES(71, 'Besole', 39);
INSERT INTO public.dusun (id, nama_dusun, id_kelurahan) VALUES(72, 'Sambeng I', 39);
INSERT INTO public.dusun (id, nama_dusun, id_kelurahan) VALUES(73, 'Sambeng II', 39);
INSERT INTO public.dusun (id, nama_dusun, id_kelurahan) VALUES(74, 'Sambeng III', 39);
INSERT INTO public.dusun (id, nama_dusun, id_kelurahan) VALUES(75, 'Jragan I', 39);
INSERT INTO public.dusun (id, nama_dusun, id_kelurahan) VALUES(76, 'Jragan II', 39);
INSERT INTO public.dusun (id, nama_dusun, id_kelurahan) VALUES(77, 'Bibis', 39);
INSERT INTO public.dusun (id, nama_dusun, id_kelurahan) VALUES(78, 'Kokap', 39);
INSERT INTO public.dusun (id, nama_dusun, id_kelurahan) VALUES(79, 'Koripan', 39);
INSERT INTO public.dusun (id, nama_dusun, id_kelurahan) VALUES(80, 'Jopaten', 39);
INSERT INTO public.dusun (id, nama_dusun, id_kelurahan) VALUES(81, 'Bodowaluh', 39);
INSERT INTO public.dusun (id, nama_dusun, id_kelurahan) VALUES(82, 'Karang', 39);
INSERT INTO public.dusun (id, nama_dusun, id_kelurahan) VALUES(83, 'Babakan', 39);
INSERT INTO public.dusun (id, nama_dusun, id_kelurahan) VALUES(84, 'Krajan', 39);
INSERT INTO public.dusun (id, nama_dusun, id_kelurahan) VALUES(85, 'Ngentak', 39);
INSERT INTO public.dusun (id, nama_dusun, id_kelurahan) VALUES(86, 'Kuwaru', 39);
INSERT INTO public.dusun (id, nama_dusun, id_kelurahan) VALUES(87, 'Cangkring', 39);
INSERT INTO public.dusun (id, nama_dusun, id_kelurahan) VALUES(45, 'Srandakan', 40);
INSERT INTO public.dusun (id, nama_dusun, id_kelurahan) VALUES(46, 'Greso', 40);
INSERT INTO public.dusun (id, nama_dusun, id_kelurahan) VALUES(47, 'Klurahan', 40);
INSERT INTO public.dusun (id, nama_dusun, id_kelurahan) VALUES(48, 'Prokerten', 40);
INSERT INTO public.dusun (id, nama_dusun, id_kelurahan) VALUES(49, 'Jetis', 40);
INSERT INTO public.dusun (id, nama_dusun, id_kelurahan) VALUES(50, 'Sawahan', 40);
INSERT INTO public.dusun (id, nama_dusun, id_kelurahan) VALUES(51, 'Puron', 40);
INSERT INTO public.dusun (id, nama_dusun, id_kelurahan) VALUES(52, 'Puluhan Kidul', 40);
INSERT INTO public.dusun (id, nama_dusun, id_kelurahan) VALUES(53, 'Puluhan Lor', 40);
INSERT INTO public.dusun (id, nama_dusun, id_kelurahan) VALUES(54, 'Pedak', 40);
INSERT INTO public.dusun (id, nama_dusun, id_kelurahan) VALUES(55, 'Gunungsaren', 40);
INSERT INTO public.dusun (id, nama_dusun, id_kelurahan) VALUES(56, 'Gunung Saren Lor', 40);
INSERT INTO public.dusun (id, nama_dusun, id_kelurahan) VALUES(57, 'Nengahan', 40);
INSERT INTO public.dusun (id, nama_dusun, id_kelurahan) VALUES(58, 'Lopati', 40);
INSERT INTO public.dusun (id, nama_dusun, id_kelurahan) VALUES(59, 'Bendo', 40);
INSERT INTO public.dusun (id, nama_dusun, id_kelurahan) VALUES(60, 'Celan', 40);
INSERT INTO public.dusun (id, nama_dusun, id_kelurahan) VALUES(61, 'Cangunan', 40);
INSERT INTO public.dusun (id, nama_dusun, id_kelurahan) VALUES(62, 'Mangiran', 40);
INSERT INTO public.dusun (id, nama_dusun, id_kelurahan) VALUES(63, 'Sapuangin', 40);
INSERT INTO public.dusun (id, nama_dusun, id_kelurahan) VALUES(132, 'Ngentak', 44);
INSERT INTO public.dusun (id, nama_dusun, id_kelurahan) VALUES(133, 'Pucang Anom I', 44);
INSERT INTO public.dusun (id, nama_dusun, id_kelurahan) VALUES(134, 'Trisigan I', 44);
INSERT INTO public.dusun (id, nama_dusun, id_kelurahan) VALUES(135, 'Trisigan II', 44);
INSERT INTO public.dusun (id, nama_dusun, id_kelurahan) VALUES(136, 'Dagan', 44);
INSERT INTO public.dusun (id, nama_dusun, id_kelurahan) VALUES(137, 'Sanggrahan', 44);
INSERT INTO public.dusun (id, nama_dusun, id_kelurahan) VALUES(138, 'Kurahan I', 44);
INSERT INTO public.dusun (id, nama_dusun, id_kelurahan) VALUES(139, 'Kurahan II', 44);
INSERT INTO public.dusun (id, nama_dusun, id_kelurahan) VALUES(140, 'Piring I', 44);
INSERT INTO public.dusun (id, nama_dusun, id_kelurahan) VALUES(141, 'Piring II', 44);
INSERT INTO public.dusun (id, nama_dusun, id_kelurahan) VALUES(142, 'Mayungan I', 44);
INSERT INTO public.dusun (id, nama_dusun, id_kelurahan) VALUES(143, 'Mayungan II', 44);
INSERT INTO public.dusun (id, nama_dusun, id_kelurahan) VALUES(144, 'Pucang Anom II', 44);
INSERT INTO public.dusun (id, nama_dusun, id_kelurahan) VALUES(145, 'Pucang Anom III', 44);
INSERT INTO public.dusun (id, nama_dusun, id_kelurahan) VALUES(146, 'Sanden', 44);
INSERT INTO public.dusun (id, nama_dusun, id_kelurahan) VALUES(147, 'Bongoskenthi', 44);
INSERT INTO public.dusun (id, nama_dusun, id_kelurahan) VALUES(148, 'Peciro', 44);
INSERT INTO public.dusun (id, nama_dusun, id_kelurahan) VALUES(149, 'Kranggan', 44);
INSERT INTO public.dusun (id, nama_dusun, id_kelurahan) VALUES(150, 'Plesan', 45);
INSERT INTO public.dusun (id, nama_dusun, id_kelurahan) VALUES(151, 'Paliyan', 45);
INSERT INTO public.dusun (id, nama_dusun, id_kelurahan) VALUES(152, 'Karen', 45);
INSERT INTO public.dusun (id, nama_dusun, id_kelurahan) VALUES(153, 'Gondangan', 45);
INSERT INTO public.dusun (id, nama_dusun, id_kelurahan) VALUES(154, 'Kergan', 45);
INSERT INTO public.dusun (id, nama_dusun, id_kelurahan) VALUES(155, 'Bracan', 45);
INSERT INTO public.dusun (id, nama_dusun, id_kelurahan) VALUES(156, 'Tokolan', 45);
INSERT INTO public.dusun (id, nama_dusun, id_kelurahan) VALUES(157, 'Tluren', 45);
INSERT INTO public.dusun (id, nama_dusun, id_kelurahan) VALUES(158, 'Gaten', 45);
INSERT INTO public.dusun (id, nama_dusun, id_kelurahan) VALUES(159, 'Jebugan', 45);
INSERT INTO public.dusun (id, nama_dusun, id_kelurahan) VALUES(160, 'Karangweru', 45);
INSERT INTO public.dusun (id, nama_dusun, id_kelurahan) VALUES(161, 'Genting', 45);
INSERT INTO public.dusun (id, nama_dusun, id_kelurahan) VALUES(162, 'Soropadan', 45);
INSERT INTO public.dusun (id, nama_dusun, id_kelurahan) VALUES(163, 'Jetis', 45);
INSERT INTO public.dusun (id, nama_dusun, id_kelurahan) VALUES(164, 'Punduhan', 45);
INSERT INTO public.dusun (id, nama_dusun, id_kelurahan) VALUES(165, 'Kretek', 46);
INSERT INTO public.dusun (id, nama_dusun, id_kelurahan) VALUES(166, 'Sono', 46);
INSERT INTO public.dusun (id, nama_dusun, id_kelurahan) VALUES(167, 'Samiran', 46);
INSERT INTO public.dusun (id, nama_dusun, id_kelurahan) VALUES(168, 'Bungkis', 46);
INSERT INTO public.dusun (id, nama_dusun, id_kelurahan) VALUES(169, 'Depok', 46);
INSERT INTO public.dusun (id, nama_dusun, id_kelurahan) VALUES(170, 'Duwuran', 46);
INSERT INTO public.dusun (id, nama_dusun, id_kelurahan) VALUES(171, 'Grogol VII', 46);
INSERT INTO public.dusun (id, nama_dusun, id_kelurahan) VALUES(172, 'Grogol VIII', 46);
INSERT INTO public.dusun (id, nama_dusun, id_kelurahan) VALUES(173, 'Grogol IX', 46);
INSERT INTO public.dusun (id, nama_dusun, id_kelurahan) VALUES(174, 'Grogol X', 46);
INSERT INTO public.dusun (id, nama_dusun, id_kelurahan) VALUES(175, 'Mancingan', 46);
INSERT INTO public.dusun (id, nama_dusun, id_kelurahan) VALUES(176, 'Kalipakel', 47);
INSERT INTO public.dusun (id, nama_dusun, id_kelurahan) VALUES(177, 'Gading daton', 47);
INSERT INTO public.dusun (id, nama_dusun, id_kelurahan) VALUES(178, 'Palangjiwan', 47);
INSERT INTO public.dusun (id, nama_dusun, id_kelurahan) VALUES(179, 'Gading lumbung', 47);
INSERT INTO public.dusun (id, nama_dusun, id_kelurahan) VALUES(180, 'Gadingharjo', 47);
INSERT INTO public.dusun (id, nama_dusun, id_kelurahan) VALUES(181, 'Mersan', 47);
INSERT INTO public.dusun (id, nama_dusun, id_kelurahan) VALUES(182, 'Colo', 47);
INSERT INTO public.dusun (id, nama_dusun, id_kelurahan) VALUES(183, 'Busuran', 47);
INSERT INTO public.dusun (id, nama_dusun, id_kelurahan) VALUES(184, 'Sruwuh', 47);
INSERT INTO public.dusun (id, nama_dusun, id_kelurahan) VALUES(185, 'Tegalsari', 47);
INSERT INTO public.dusun (id, nama_dusun, id_kelurahan) VALUES(186, 'Metuk', 47);
INSERT INTO public.dusun (id, nama_dusun, id_kelurahan) VALUES(187, 'Greges', 47);
INSERT INTO public.dusun (id, nama_dusun, id_kelurahan) VALUES(188, 'Mriyan', 47);
INSERT INTO public.dusun (id, nama_dusun, id_kelurahan) VALUES(189, 'Mulekan I', 48);
INSERT INTO public.dusun (id, nama_dusun, id_kelurahan) VALUES(190, 'Mulekan II', 48);
INSERT INTO public.dusun (id, nama_dusun, id_kelurahan) VALUES(191, 'Pangkah', 48);
INSERT INTO public.dusun (id, nama_dusun, id_kelurahan) VALUES(192, 'Cimpon', 48);
INSERT INTO public.dusun (id, nama_dusun, id_kelurahan) VALUES(193, 'Tegaltapen', 48);
INSERT INTO public.dusun (id, nama_dusun, id_kelurahan) VALUES(194, 'Buruhan', 48);
INSERT INTO public.dusun (id, nama_dusun, id_kelurahan) VALUES(195, 'Galan', 48);
INSERT INTO public.dusun (id, nama_dusun, id_kelurahan) VALUES(196, 'Baros', 49);
INSERT INTO public.dusun (id, nama_dusun, id_kelurahan) VALUES(197, 'Muneng', 49);
INSERT INTO public.dusun (id, nama_dusun, id_kelurahan) VALUES(198, 'Gunung Kunci', 49);
INSERT INTO public.dusun (id, nama_dusun, id_kelurahan) VALUES(199, 'Gegunung', 49);
INSERT INTO public.dusun (id, nama_dusun, id_kelurahan) VALUES(200, 'Kalangan', 49);
INSERT INTO public.dusun (id, nama_dusun, id_kelurahan) VALUES(201, 'Karang', 49);
INSERT INTO public.dusun (id, nama_dusun, id_kelurahan) VALUES(202, 'Dukuh', 50);
INSERT INTO public.dusun (id, nama_dusun, id_kelurahan) VALUES(203, 'Nambangan', 50);
INSERT INTO public.dusun (id, nama_dusun, id_kelurahan) VALUES(204, 'Pentung', 50);
INSERT INTO public.dusun (id, nama_dusun, id_kelurahan) VALUES(205, 'Darmojurang', 50);
INSERT INTO public.dusun (id, nama_dusun, id_kelurahan) VALUES(206, 'Bobok tempel', 50);
INSERT INTO public.dusun (id, nama_dusun, id_kelurahan) VALUES(207, 'Geger', 50);
INSERT INTO public.dusun (id, nama_dusun, id_kelurahan) VALUES(208, 'Soka', 50);
INSERT INTO public.dusun (id, nama_dusun, id_kelurahan) VALUES(209, 'Karangasem', 50);
INSERT INTO public.dusun (id, nama_dusun, id_kelurahan) VALUES(210, 'Ngentak', 50);
INSERT INTO public.dusun (id, nama_dusun, id_kelurahan) VALUES(211, 'Biro', 50);
INSERT INTO public.dusun (id, nama_dusun, id_kelurahan) VALUES(212, 'Kalipakem', 50);
INSERT INTO public.dusun (id, nama_dusun, id_kelurahan) VALUES(213, 'Blali', 50);
INSERT INTO public.dusun (id, nama_dusun, id_kelurahan) VALUES(214, 'Ngreco', 50);
INSERT INTO public.dusun (id, nama_dusun, id_kelurahan) VALUES(215, 'Poyahan', 50);
INSERT INTO public.dusun (id, nama_dusun, id_kelurahan) VALUES(216, 'Jelapan', 50);
INSERT INTO public.dusun (id, nama_dusun, id_kelurahan) VALUES(217, 'Kalinampu', 50);
INSERT INTO public.dusun (id, nama_dusun, id_kelurahan) VALUES(218, 'Grudo', 51);
INSERT INTO public.dusun (id, nama_dusun, id_kelurahan) VALUES(219, 'Jamprit', 51);
INSERT INTO public.dusun (id, nama_dusun, id_kelurahan) VALUES(220, 'Nglembu', 51);
INSERT INTO public.dusun (id, nama_dusun, id_kelurahan) VALUES(221, 'Tarungan', 51);
INSERT INTO public.dusun (id, nama_dusun, id_kelurahan) VALUES(222, 'Gedangan', 51);
INSERT INTO public.dusun (id, nama_dusun, id_kelurahan) VALUES(223, 'Badan', 51);
INSERT INTO public.dusun (id, nama_dusun, id_kelurahan) VALUES(224, 'Panjang', 51);
INSERT INTO public.dusun (id, nama_dusun, id_kelurahan) VALUES(225, 'Soronangggan', 51);
INSERT INTO public.dusun (id, nama_dusun, id_kelurahan) VALUES(226, 'Gedong', 51);
INSERT INTO public.dusun (id, nama_dusun, id_kelurahan) VALUES(227, 'Watu', 51);
INSERT INTO public.dusun (id, nama_dusun, id_kelurahan) VALUES(228, 'Jetis', 51);
INSERT INTO public.dusun (id, nama_dusun, id_kelurahan) VALUES(229, 'Nglorong', 51);
INSERT INTO public.dusun (id, nama_dusun, id_kelurahan) VALUES(230, 'Semampir', 51);
INSERT INTO public.dusun (id, nama_dusun, id_kelurahan) VALUES(231, 'Krapyak Kulon', 51);
INSERT INTO public.dusun (id, nama_dusun, id_kelurahan) VALUES(232, 'Krapyak Wetan', 51);
INSERT INTO public.dusun (id, nama_dusun, id_kelurahan) VALUES(233, 'Gunung Puyuh', 51);
INSERT INTO public.dusun (id, nama_dusun, id_kelurahan) VALUES(234, 'Sawahan', 52);
INSERT INTO public.dusun (id, nama_dusun, id_kelurahan) VALUES(235, 'Candi', 52);
INSERT INTO public.dusun (id, nama_dusun, id_kelurahan) VALUES(236, 'Monggang', 52);
INSERT INTO public.dusun (id, nama_dusun, id_kelurahan) VALUES(237, 'Tangkil', 52);
INSERT INTO public.dusun (id, nama_dusun, id_kelurahan) VALUES(238, 'Baran', 52);
INSERT INTO public.dusun (id, nama_dusun, id_kelurahan) VALUES(239, 'Piring', 52);
INSERT INTO public.dusun (id, nama_dusun, id_kelurahan) VALUES(240, 'Pundong', 52);
INSERT INTO public.dusun (id, nama_dusun, id_kelurahan) VALUES(241, 'Jonggrangan', 52);
INSERT INTO public.dusun (id, nama_dusun, id_kelurahan) VALUES(242, 'Gulon', 52);
INSERT INTO public.dusun (id, nama_dusun, id_kelurahan) VALUES(243, 'Paten', 52);
INSERT INTO public.dusun (id, nama_dusun, id_kelurahan) VALUES(244, 'Pranti', 52);
INSERT INTO public.dusun (id, nama_dusun, id_kelurahan) VALUES(245, 'Potrobayan', 52);
INSERT INTO public.dusun (id, nama_dusun, id_kelurahan) VALUES(246, 'Tulung', 52);
INSERT INTO public.dusun (id, nama_dusun, id_kelurahan) VALUES(247, 'Klisat', 52);
INSERT INTO public.dusun (id, nama_dusun, id_kelurahan) VALUES(248, 'Nangsri', 52);
INSERT INTO public.dusun (id, nama_dusun, id_kelurahan) VALUES(249, 'Seyegan', 52);
INSERT INTO public.dusun (id, nama_dusun, id_kelurahan) VALUES(250, 'Ganjuran', 52);
INSERT INTO public.dusun (id, nama_dusun, id_kelurahan) VALUES(251, 'Ngajaran', 53);
INSERT INTO public.dusun (id, nama_dusun, id_kelurahan) VALUES(252, 'Cangkring', 53);
INSERT INTO public.dusun (id, nama_dusun, id_kelurahan) VALUES(253, 'Palihan', 53);
INSERT INTO public.dusun (id, nama_dusun, id_kelurahan) VALUES(254, 'Sirat', 53);
INSERT INTO public.dusun (id, nama_dusun, id_kelurahan) VALUES(255, 'Ngireng-ireng', 53);
INSERT INTO public.dusun (id, nama_dusun, id_kelurahan) VALUES(256, 'Tempel', 53);
INSERT INTO public.dusun (id, nama_dusun, id_kelurahan) VALUES(257, 'Prenggan', 53);
INSERT INTO public.dusun (id, nama_dusun, id_kelurahan) VALUES(258, 'Selo', 53);
INSERT INTO public.dusun (id, nama_dusun, id_kelurahan) VALUES(259, 'Plematung', 53);
INSERT INTO public.dusun (id, nama_dusun, id_kelurahan) VALUES(260, 'Plebengan', 53);
INSERT INTO public.dusun (id, nama_dusun, id_kelurahan) VALUES(261, 'Ponggok', 53);
INSERT INTO public.dusun (id, nama_dusun, id_kelurahan) VALUES(262, 'Pinggir', 53);
INSERT INTO public.dusun (id, nama_dusun, id_kelurahan) VALUES(263, 'Turi', 53);
INSERT INTO public.dusun (id, nama_dusun, id_kelurahan) VALUES(264, 'Glodogan', 53);
INSERT INTO public.dusun (id, nama_dusun, id_kelurahan) VALUES(265, 'Kuwon', 53);
INSERT INTO public.dusun (id, nama_dusun, id_kelurahan) VALUES(266, 'Mejing', 54);
INSERT INTO public.dusun (id, nama_dusun, id_kelurahan) VALUES(267, 'Paker', 54);
INSERT INTO public.dusun (id, nama_dusun, id_kelurahan) VALUES(268, 'Wonodoro', 54);
INSERT INTO public.dusun (id, nama_dusun, id_kelurahan) VALUES(269, 'Destan', 54);
INSERT INTO public.dusun (id, nama_dusun, id_kelurahan) VALUES(270, 'Kraton', 54);
INSERT INTO public.dusun (id, nama_dusun, id_kelurahan) VALUES(271, 'Bregan', 54);
INSERT INTO public.dusun (id, nama_dusun, id_kelurahan) VALUES(272, 'Plumutan', 54);
INSERT INTO public.dusun (id, nama_dusun, id_kelurahan) VALUES(273, 'Cangkring', 54);
INSERT INTO public.dusun (id, nama_dusun, id_kelurahan) VALUES(274, 'Tulasan', 54);
INSERT INTO public.dusun (id, nama_dusun, id_kelurahan) VALUES(275, 'Jomblang', 54);
INSERT INTO public.dusun (id, nama_dusun, id_kelurahan) VALUES(276, 'Ngambah', 54);
INSERT INTO public.dusun (id, nama_dusun, id_kelurahan) VALUES(277, 'Kepuh', 54);
INSERT INTO public.dusun (id, nama_dusun, id_kelurahan) VALUES(278, 'Warungpring', 54);
INSERT INTO public.dusun (id, nama_dusun, id_kelurahan) VALUES(279, 'Carikan', 54);
INSERT INTO public.dusun (id, nama_dusun, id_kelurahan) VALUES(280, 'Kanutan', 55);
INSERT INTO public.dusun (id, nama_dusun, id_kelurahan) VALUES(281, 'Siten', 55);
INSERT INTO public.dusun (id, nama_dusun, id_kelurahan) VALUES(282, 'Tangkilan', 55);
INSERT INTO public.dusun (id, nama_dusun, id_kelurahan) VALUES(283, 'Kutu', 55);
INSERT INTO public.dusun (id, nama_dusun, id_kelurahan) VALUES(284, 'Kedon', 55);
INSERT INTO public.dusun (id, nama_dusun, id_kelurahan) VALUES(285, 'Kaligondang', 55);
INSERT INTO public.dusun (id, nama_dusun, id_kelurahan) VALUES(286, 'Gedogan', 55);
INSERT INTO public.dusun (id, nama_dusun, id_kelurahan) VALUES(287, 'Gunungan', 55);
INSERT INTO public.dusun (id, nama_dusun, id_kelurahan) VALUES(288, 'Jogodayoh', 55);
INSERT INTO public.dusun (id, nama_dusun, id_kelurahan) VALUES(289, 'Plumbungan', 55);
INSERT INTO public.dusun (id, nama_dusun, id_kelurahan) VALUES(290, 'Caben', 55);
INSERT INTO public.dusun (id, nama_dusun, id_kelurahan) VALUES(291, 'Samen', 55);
INSERT INTO public.dusun (id, nama_dusun, id_kelurahan) VALUES(292, 'Gersik', 55);
INSERT INTO public.dusun (id, nama_dusun, id_kelurahan) VALUES(293, 'Bondalem', 55);
INSERT INTO public.dusun (id, nama_dusun, id_kelurahan) VALUES(294, 'Kintelan', 55);
INSERT INTO public.dusun (id, nama_dusun, id_kelurahan) VALUES(295, 'Cepoko', 55);
INSERT INTO public.dusun (id, nama_dusun, id_kelurahan) VALUES(296, 'Bayuurip', 56);
INSERT INTO public.dusun (id, nama_dusun, id_kelurahan) VALUES(297, 'Gluntung Lor', 56);
INSERT INTO public.dusun (id, nama_dusun, id_kelurahan) VALUES(298, 'Gluntung Kidul', 56);
INSERT INTO public.dusun (id, nama_dusun, id_kelurahan) VALUES(299, 'Gumulan', 56);
INSERT INTO public.dusun (id, nama_dusun, id_kelurahan) VALUES(300, 'Tegalsempu', 56);
INSERT INTO public.dusun (id, nama_dusun, id_kelurahan) VALUES(301, 'Tunjungan', 56);
INSERT INTO public.dusun (id, nama_dusun, id_kelurahan) VALUES(302, 'Krapakan', 56);
INSERT INTO public.dusun (id, nama_dusun, id_kelurahan) VALUES(303, 'Samparan', 56);
INSERT INTO public.dusun (id, nama_dusun, id_kelurahan) VALUES(304, 'Tegallayang 9', 56);
INSERT INTO public.dusun (id, nama_dusun, id_kelurahan) VALUES(305, 'Tegallayang 10', 56);
INSERT INTO public.dusun (id, nama_dusun, id_kelurahan) VALUES(306, 'Kuroboyo', 56);
INSERT INTO public.dusun (id, nama_dusun, id_kelurahan) VALUES(307, 'Korowelang', 56);
INSERT INTO public.dusun (id, nama_dusun, id_kelurahan) VALUES(308, 'Glagahan', 56);
INSERT INTO public.dusun (id, nama_dusun, id_kelurahan) VALUES(309, 'Bogem', 56);
INSERT INTO public.dusun (id, nama_dusun, id_kelurahan) VALUES(310, 'Siangan', 57);
INSERT INTO public.dusun (id, nama_dusun, id_kelurahan) VALUES(311, 'Juwono', 57);
INSERT INTO public.dusun (id, nama_dusun, id_kelurahan) VALUES(312, 'Ngabean', 57);
INSERT INTO public.dusun (id, nama_dusun, id_kelurahan) VALUES(313, 'Gunturan', 57);
INSERT INTO public.dusun (id, nama_dusun, id_kelurahan) VALUES(314, 'Ciren', 57);
INSERT INTO public.dusun (id, nama_dusun, id_kelurahan) VALUES(315, 'Jalakan', 57);
INSERT INTO public.dusun (id, nama_dusun, id_kelurahan) VALUES(316, 'Jigudan', 57);
INSERT INTO public.dusun (id, nama_dusun, id_kelurahan) VALUES(317, 'Tirto', 57);
INSERT INTO public.dusun (id, nama_dusun, id_kelurahan) VALUES(318, 'Jaten', 57);
INSERT INTO public.dusun (id, nama_dusun, id_kelurahan) VALUES(319, 'Nglarang', 57);
INSERT INTO public.dusun (id, nama_dusun, id_kelurahan) VALUES(320, 'Kadisoro', 58);
INSERT INTO public.dusun (id, nama_dusun, id_kelurahan) VALUES(321, 'Jodog', 58);
INSERT INTO public.dusun (id, nama_dusun, id_kelurahan) VALUES(322, 'Karangasem', 58);
INSERT INTO public.dusun (id, nama_dusun, id_kelurahan) VALUES(323, 'Daleman', 58);
INSERT INTO public.dusun (id, nama_dusun, id_kelurahan) VALUES(324, 'Jomboran', 58);
INSERT INTO public.dusun (id, nama_dusun, id_kelurahan) VALUES(325, 'Kauman', 58);
INSERT INTO public.dusun (id, nama_dusun, id_kelurahan) VALUES(326, 'Bongsren', 58);
INSERT INTO public.dusun (id, nama_dusun, id_kelurahan) VALUES(327, 'Kadekrowo', 58);
INSERT INTO public.dusun (id, nama_dusun, id_kelurahan) VALUES(328, 'Ngaran', 58);
INSERT INTO public.dusun (id, nama_dusun, id_kelurahan) VALUES(329, 'Karanggede', 58);
INSERT INTO public.dusun (id, nama_dusun, id_kelurahan) VALUES(330, 'Gunting', 58);
INSERT INTO public.dusun (id, nama_dusun, id_kelurahan) VALUES(331, 'Depok', 58);
INSERT INTO public.dusun (id, nama_dusun, id_kelurahan) VALUES(332, 'Tegallurung', 58);
INSERT INTO public.dusun (id, nama_dusun, id_kelurahan) VALUES(333, 'Banjarwaru', 58);
INSERT INTO public.dusun (id, nama_dusun, id_kelurahan) VALUES(334, 'Krekah', 58);
INSERT INTO public.dusun (id, nama_dusun, id_kelurahan) VALUES(335, 'Pandak', 59);
INSERT INTO public.dusun (id, nama_dusun, id_kelurahan) VALUES(336, 'Bajang', 59);
INSERT INTO public.dusun (id, nama_dusun, id_kelurahan) VALUES(337, 'Gesikan III', 59);
INSERT INTO public.dusun (id, nama_dusun, id_kelurahan) VALUES(338, 'Gesikan IV', 59);
INSERT INTO public.dusun (id, nama_dusun, id_kelurahan) VALUES(339, 'Bergan', 59);
INSERT INTO public.dusun (id, nama_dusun, id_kelurahan) VALUES(340, 'Ngeblak', 59);
INSERT INTO public.dusun (id, nama_dusun, id_kelurahan) VALUES(341, 'Pedak', 59);
INSERT INTO public.dusun (id, nama_dusun, id_kelurahan) VALUES(342, 'Kauman', 59);
INSERT INTO public.dusun (id, nama_dusun, id_kelurahan) VALUES(343, 'Gedongsari', 59);
INSERT INTO public.dusun (id, nama_dusun, id_kelurahan) VALUES(344, 'Kwalangan', 59);
INSERT INTO public.dusun (id, nama_dusun, id_kelurahan) VALUES(345, 'Guwo', 60);
INSERT INTO public.dusun (id, nama_dusun, id_kelurahan) VALUES(346, 'Jojoran Wetan', 60);
INSERT INTO public.dusun (id, nama_dusun, id_kelurahan) VALUES(347, 'Jojoran Kulon', 60);
INSERT INTO public.dusun (id, nama_dusun, id_kelurahan) VALUES(348, 'Nanggul', 60);
INSERT INTO public.dusun (id, nama_dusun, id_kelurahan) VALUES(349, 'Kersan', 60);
INSERT INTO public.dusun (id, nama_dusun, id_kelurahan) VALUES(350, 'Sabrang Kidul', 60);
INSERT INTO public.dusun (id, nama_dusun, id_kelurahan) VALUES(351, 'Sabrang Lor', 60);
INSERT INTO public.dusun (id, nama_dusun, id_kelurahan) VALUES(352, 'Gampeng', 60);
INSERT INTO public.dusun (id, nama_dusun, id_kelurahan) VALUES(353, 'Pajangan', 60);
INSERT INTO public.dusun (id, nama_dusun, id_kelurahan) VALUES(354, 'Kadireso', 60);
INSERT INTO public.dusun (id, nama_dusun, id_kelurahan) VALUES(355, 'Blabak', 60);
INSERT INTO public.dusun (id, nama_dusun, id_kelurahan) VALUES(356, 'Polaman', 60);
INSERT INTO public.dusun (id, nama_dusun, id_kelurahan) VALUES(357, 'Butuh Kidul', 60);
INSERT INTO public.dusun (id, nama_dusun, id_kelurahan) VALUES(358, 'Butuh Lor', 60);
INSERT INTO public.dusun (id, nama_dusun, id_kelurahan) VALUES(359, 'Kalisoko', 60);
INSERT INTO public.dusun (id, nama_dusun, id_kelurahan) VALUES(360, 'Ngincep', 60);
INSERT INTO public.dusun (id, nama_dusun, id_kelurahan) VALUES(361, 'Jogonandan', 60);
INSERT INTO public.dusun (id, nama_dusun, id_kelurahan) VALUES(362, 'Jambean', 60);
INSERT INTO public.dusun (id, nama_dusun, id_kelurahan) VALUES(363, 'Kayuhan Wetan', 60);
INSERT INTO public.dusun (id, nama_dusun, id_kelurahan) VALUES(364, 'Kayuhan Kulon', 60);
INSERT INTO public.dusun (id, nama_dusun, id_kelurahan) VALUES(365, 'Plambongan', 60);
INSERT INTO public.dusun (id, nama_dusun, id_kelurahan) VALUES(366, 'Trucuk', 60);
INSERT INTO public.dusun (id, nama_dusun, id_kelurahan) VALUES(367, 'Benyo', 61);
INSERT INTO public.dusun (id, nama_dusun, id_kelurahan) VALUES(368, 'Jetis', 61);
INSERT INTO public.dusun (id, nama_dusun, id_kelurahan) VALUES(369, 'Panjangan', 61);
INSERT INTO public.dusun (id, nama_dusun, id_kelurahan) VALUES(370, 'Kayen', 61);
INSERT INTO public.dusun (id, nama_dusun, id_kelurahan) VALUES(371, 'Beji Wetan', 61);
INSERT INTO public.dusun (id, nama_dusun, id_kelurahan) VALUES(372, 'Beji wetan', 61);
INSERT INTO public.dusun (id, nama_dusun, id_kelurahan) VALUES(373, 'Gupakwarak', 61);
INSERT INTO public.dusun (id, nama_dusun, id_kelurahan) VALUES(374, 'Dadapbong', 61);
INSERT INTO public.dusun (id, nama_dusun, id_kelurahan) VALUES(375, 'Krebet', 61);
INSERT INTO public.dusun (id, nama_dusun, id_kelurahan) VALUES(376, 'Kabrokan Wetan', 61);
INSERT INTO public.dusun (id, nama_dusun, id_kelurahan) VALUES(377, 'Kabrokan Kulon', 61);
INSERT INTO public.dusun (id, nama_dusun, id_kelurahan) VALUES(378, 'Kamijoro', 61);
INSERT INTO public.dusun (id, nama_dusun, id_kelurahan) VALUES(379, 'Kunden', 61);
INSERT INTO public.dusun (id, nama_dusun, id_kelurahan) VALUES(380, 'Manukan', 61);
INSERT INTO public.dusun (id, nama_dusun, id_kelurahan) VALUES(381, 'Jaten', 61);
INSERT INTO public.dusun (id, nama_dusun, id_kelurahan) VALUES(382, 'Mangir Lor', 61);
INSERT INTO public.dusun (id, nama_dusun, id_kelurahan) VALUES(383, 'Mangir tengah', 61);
INSERT INTO public.dusun (id, nama_dusun, id_kelurahan) VALUES(384, 'Mangir Kidul', 61);
INSERT INTO public.dusun (id, nama_dusun, id_kelurahan) VALUES(385, 'Kembang Putihan', 62);
INSERT INTO public.dusun (id, nama_dusun, id_kelurahan) VALUES(386, 'Kentholan Lor', 62);
INSERT INTO public.dusun (id, nama_dusun, id_kelurahan) VALUES(387, 'Kentholan Kidul', 62);
INSERT INTO public.dusun (id, nama_dusun, id_kelurahan) VALUES(388, 'Gandekan', 62);
INSERT INTO public.dusun (id, nama_dusun, id_kelurahan) VALUES(389, 'Dukuh', 62);
INSERT INTO public.dusun (id, nama_dusun, id_kelurahan) VALUES(390, 'Iroyudan', 62);
INSERT INTO public.dusun (id, nama_dusun, id_kelurahan) VALUES(391, 'Kembang gede', 62);
INSERT INTO public.dusun (id, nama_dusun, id_kelurahan) VALUES(392, 'Kadisono', 62);
INSERT INTO public.dusun (id, nama_dusun, id_kelurahan) VALUES(393, 'Karangber', 62);
INSERT INTO public.dusun (id, nama_dusun, id_kelurahan) VALUES(394, 'Santan', 62);
INSERT INTO public.dusun (id, nama_dusun, id_kelurahan) VALUES(395, 'Kalakijo', 62);
INSERT INTO public.dusun (id, nama_dusun, id_kelurahan) VALUES(396, 'Kedung', 62);
INSERT INTO public.dusun (id, nama_dusun, id_kelurahan) VALUES(397, 'Bungsing', 62);
INSERT INTO public.dusun (id, nama_dusun, id_kelurahan) VALUES(398, 'Watu Gedog', 62);
INSERT INTO public.dusun (id, nama_dusun, id_kelurahan) VALUES(399, 'Pring Gading', 62);
INSERT INTO public.dusun (id, nama_dusun, id_kelurahan) VALUES(400, 'Kadirojo', 63);
INSERT INTO public.dusun (id, nama_dusun, id_kelurahan) VALUES(401, 'Karasan', 63);
INSERT INTO public.dusun (id, nama_dusun, id_kelurahan) VALUES(402, 'Sumuran', 63);
INSERT INTO public.dusun (id, nama_dusun, id_kelurahan) VALUES(403, 'Taskombang', 63);
INSERT INTO public.dusun (id, nama_dusun, id_kelurahan) VALUES(404, 'Dagaran', 63);
INSERT INTO public.dusun (id, nama_dusun, id_kelurahan) VALUES(405, 'Ngringinan', 63);
INSERT INTO public.dusun (id, nama_dusun, id_kelurahan) VALUES(406, 'Bolon', 63);
INSERT INTO public.dusun (id, nama_dusun, id_kelurahan) VALUES(407, 'Peni', 63);
INSERT INTO public.dusun (id, nama_dusun, id_kelurahan) VALUES(408, 'Karangasem', 63);
INSERT INTO public.dusun (id, nama_dusun, id_kelurahan) VALUES(409, 'Serut', 63);
INSERT INTO public.dusun (id, nama_dusun, id_kelurahan) VALUES(410, 'Gemahan', 64);
INSERT INTO public.dusun (id, nama_dusun, id_kelurahan) VALUES(411, 'Deresan', 64);
INSERT INTO public.dusun (id, nama_dusun, id_kelurahan) VALUES(412, 'Gumuk', 64);
INSERT INTO public.dusun (id, nama_dusun, id_kelurahan) VALUES(413, 'Soropaten', 64);
INSERT INTO public.dusun (id, nama_dusun, id_kelurahan) VALUES(414, 'Mandingan', 64);
INSERT INTO public.dusun (id, nama_dusun, id_kelurahan) VALUES(415, 'Bantul Karang', 64);
INSERT INTO public.dusun (id, nama_dusun, id_kelurahan) VALUES(416, 'Kurahan', 65);
INSERT INTO public.dusun (id, nama_dusun, id_kelurahan) VALUES(417, 'Bantul Warung', 65);
INSERT INTO public.dusun (id, nama_dusun, id_kelurahan) VALUES(418, 'Gandekan', 65);
INSERT INTO public.dusun (id, nama_dusun, id_kelurahan) VALUES(419, 'Nyangkringan', 65);
INSERT INTO public.dusun (id, nama_dusun, id_kelurahan) VALUES(420, 'Babadan', 65);
INSERT INTO public.dusun (id, nama_dusun, id_kelurahan) VALUES(421, 'Badegan', 65);
INSERT INTO public.dusun (id, nama_dusun, id_kelurahan) VALUES(422, 'Teruman', 65);
INSERT INTO public.dusun (id, nama_dusun, id_kelurahan) VALUES(423, 'Bejen', 65);
INSERT INTO public.dusun (id, nama_dusun, id_kelurahan) VALUES(424, 'Geblag', 65);
INSERT INTO public.dusun (id, nama_dusun, id_kelurahan) VALUES(425, 'Karanggayam', 65);
INSERT INTO public.dusun (id, nama_dusun, id_kelurahan) VALUES(426, 'Grujugan', 65);
INSERT INTO public.dusun (id, nama_dusun, id_kelurahan) VALUES(427, 'Serayu', 65);
INSERT INTO public.dusun (id, nama_dusun, id_kelurahan) VALUES(428, 'Gempolan', 66);
INSERT INTO public.dusun (id, nama_dusun, id_kelurahan) VALUES(429, 'Sragan', 66);
INSERT INTO public.dusun (id, nama_dusun, id_kelurahan) VALUES(430, 'Klembon', 66);
INSERT INTO public.dusun (id, nama_dusun, id_kelurahan) VALUES(431, 'Priyan', 66);
INSERT INTO public.dusun (id, nama_dusun, id_kelurahan) VALUES(432, 'Pasutan', 66);
INSERT INTO public.dusun (id, nama_dusun, id_kelurahan) VALUES(433, 'Bogoran', 66);
INSERT INTO public.dusun (id, nama_dusun, id_kelurahan) VALUES(434, 'Pepe', 66);
INSERT INTO public.dusun (id, nama_dusun, id_kelurahan) VALUES(435, 'Nogosari', 66);
INSERT INTO public.dusun (id, nama_dusun, id_kelurahan) VALUES(436, 'Gedongan', 66);
INSERT INTO public.dusun (id, nama_dusun, id_kelurahan) VALUES(437, 'Gandekan', 66);
INSERT INTO public.dusun (id, nama_dusun, id_kelurahan) VALUES(438, 'Manding', 66);
INSERT INTO public.dusun (id, nama_dusun, id_kelurahan) VALUES(439, 'Kweden', 66);
INSERT INTO public.dusun (id, nama_dusun, id_kelurahan) VALUES(440, 'Sumberbatikan', 66);
INSERT INTO public.dusun (id, nama_dusun, id_kelurahan) VALUES(441, 'Bakulan', 66);
INSERT INTO public.dusun (id, nama_dusun, id_kelurahan) VALUES(442, 'Cepoko', 66);
INSERT INTO public.dusun (id, nama_dusun, id_kelurahan) VALUES(443, 'Karangmojo', 66);
INSERT INTO public.dusun (id, nama_dusun, id_kelurahan) VALUES(444, 'Bantul Timur', 66);
INSERT INTO public.dusun (id, nama_dusun, id_kelurahan) VALUES(445, 'Neco', 67);
INSERT INTO public.dusun (id, nama_dusun, id_kelurahan) VALUES(446, 'Manding', 67);
INSERT INTO public.dusun (id, nama_dusun, id_kelurahan) VALUES(447, 'Kadibeso', 67);
INSERT INTO public.dusun (id, nama_dusun, id_kelurahan) VALUES(448, 'Dukuh', 67);
INSERT INTO public.dusun (id, nama_dusun, id_kelurahan) VALUES(449, 'Keyongan', 67);
INSERT INTO public.dusun (id, nama_dusun, id_kelurahan) VALUES(450, 'Bakulan Kulon', 68);
INSERT INTO public.dusun (id, nama_dusun, id_kelurahan) VALUES(451, 'Bakulan Wetan', 68);
INSERT INTO public.dusun (id, nama_dusun, id_kelurahan) VALUES(452, 'Ngaglik', 68);
INSERT INTO public.dusun (id, nama_dusun, id_kelurahan) VALUES(453, 'Gelangan', 68);
INSERT INTO public.dusun (id, nama_dusun, id_kelurahan) VALUES(454, 'Jetis', 68);
INSERT INTO public.dusun (id, nama_dusun, id_kelurahan) VALUES(455, 'Tanjung Lor', 68);
INSERT INTO public.dusun (id, nama_dusun, id_kelurahan) VALUES(456, 'Tanjung Karang', 68);
INSERT INTO public.dusun (id, nama_dusun, id_kelurahan) VALUES(457, 'Gaduh', 68);
INSERT INTO public.dusun (id, nama_dusun, id_kelurahan) VALUES(458, 'Patalan', 68);
INSERT INTO public.dusun (id, nama_dusun, id_kelurahan) VALUES(459, 'Panjangjiwo', 68);
INSERT INTO public.dusun (id, nama_dusun, id_kelurahan) VALUES(460, 'Karangasem', 68);
INSERT INTO public.dusun (id, nama_dusun, id_kelurahan) VALUES(461, 'Sulang Lor', 68);
INSERT INTO public.dusun (id, nama_dusun, id_kelurahan) VALUES(462, 'Gerselo', 68);
INSERT INTO public.dusun (id, nama_dusun, id_kelurahan) VALUES(463, 'Sulang Kidul', 68);
INSERT INTO public.dusun (id, nama_dusun, id_kelurahan) VALUES(464, 'Dukuh Sukun', 68);
INSERT INTO public.dusun (id, nama_dusun, id_kelurahan) VALUES(465, 'Butuh', 68);
INSERT INTO public.dusun (id, nama_dusun, id_kelurahan) VALUES(466, 'Boto', 68);
INSERT INTO public.dusun (id, nama_dusun, id_kelurahan) VALUES(467, 'Kategan', 68);
INSERT INTO public.dusun (id, nama_dusun, id_kelurahan) VALUES(468, 'Ketandan', 68);
INSERT INTO public.dusun (id, nama_dusun, id_kelurahan) VALUES(469, 'Bobok', 68);
INSERT INTO public.dusun (id, nama_dusun, id_kelurahan) VALUES(470, 'Gadungan Kepuh', 69);
INSERT INTO public.dusun (id, nama_dusun, id_kelurahan) VALUES(471, 'Gadungan Pasar', 69);
INSERT INTO public.dusun (id, nama_dusun, id_kelurahan) VALUES(472, 'Jayan', 69);
INSERT INTO public.dusun (id, nama_dusun, id_kelurahan) VALUES(473, 'Wonolopo', 69);
INSERT INTO public.dusun (id, nama_dusun, id_kelurahan) VALUES(474, 'Kiringan', 69);
INSERT INTO public.dusun (id, nama_dusun, id_kelurahan) VALUES(475, 'Banyudono', 69);
INSERT INTO public.dusun (id, nama_dusun, id_kelurahan) VALUES(476, 'Suren Kulon', 69);
INSERT INTO public.dusun (id, nama_dusun, id_kelurahan) VALUES(477, 'Suren Wetan', 69);
INSERT INTO public.dusun (id, nama_dusun, id_kelurahan) VALUES(478, 'Gaten', 69);
INSERT INTO public.dusun (id, nama_dusun, id_kelurahan) VALUES(479, 'Beran', 69);
INSERT INTO public.dusun (id, nama_dusun, id_kelurahan) VALUES(480, 'Plembutan', 69);
INSERT INTO public.dusun (id, nama_dusun, id_kelurahan) VALUES(481, 'Canden', 69);
INSERT INTO public.dusun (id, nama_dusun, id_kelurahan) VALUES(482, 'Kralas', 69);
INSERT INTO public.dusun (id, nama_dusun, id_kelurahan) VALUES(483, 'Pulo Kadang', 69);
INSERT INTO public.dusun (id, nama_dusun, id_kelurahan) VALUES(484, 'Ngibikan', 69);
INSERT INTO public.dusun (id, nama_dusun, id_kelurahan) VALUES(485, 'Sawahan', 70);
INSERT INTO public.dusun (id, nama_dusun, id_kelurahan) VALUES(486, 'Balakan', 70);
INSERT INTO public.dusun (id, nama_dusun, id_kelurahan) VALUES(487, 'Ngentak', 70);
INSERT INTO public.dusun (id, nama_dusun, id_kelurahan) VALUES(488, 'Paten', 70);
INSERT INTO public.dusun (id, nama_dusun, id_kelurahan) VALUES(489, 'Bungas', 70);
INSERT INTO public.dusun (id, nama_dusun, id_kelurahan) VALUES(490, 'Barongan', 70);
INSERT INTO public.dusun (id, nama_dusun, id_kelurahan) VALUES(491, 'Kiyaran', 70);
INSERT INTO public.dusun (id, nama_dusun, id_kelurahan) VALUES(492, 'Pangkah', 70);
INSERT INTO public.dusun (id, nama_dusun, id_kelurahan) VALUES(493, 'Medelan', 70);
INSERT INTO public.dusun (id, nama_dusun, id_kelurahan) VALUES(494, 'Cangkring', 70);
INSERT INTO public.dusun (id, nama_dusun, id_kelurahan) VALUES(495, 'Beji', 70);
INSERT INTO public.dusun (id, nama_dusun, id_kelurahan) VALUES(496, 'Turi', 70);
INSERT INTO public.dusun (id, nama_dusun, id_kelurahan) VALUES(497, 'Kertan', 70);
INSERT INTO public.dusun (id, nama_dusun, id_kelurahan) VALUES(498, 'Bulus Kulon', 70);
INSERT INTO public.dusun (id, nama_dusun, id_kelurahan) VALUES(499, 'Manggung', 70);
INSERT INTO public.dusun (id, nama_dusun, id_kelurahan) VALUES(500, 'Titang', 70);
INSERT INTO public.dusun (id, nama_dusun, id_kelurahan) VALUES(501, 'Nogosari', 70);
INSERT INTO public.dusun (id, nama_dusun, id_kelurahan) VALUES(502, 'Blawong I', 71);
INSERT INTO public.dusun (id, nama_dusun, id_kelurahan) VALUES(503, 'Blawong II', 71);
INSERT INTO public.dusun (id, nama_dusun, id_kelurahan) VALUES(504, 'Bembem', 71);
INSERT INTO public.dusun (id, nama_dusun, id_kelurahan) VALUES(505, 'Kembang Songo', 71);
INSERT INTO public.dusun (id, nama_dusun, id_kelurahan) VALUES(506, 'Sindet', 71);
INSERT INTO public.dusun (id, nama_dusun, id_kelurahan) VALUES(507, 'Cembing', 71);
INSERT INTO public.dusun (id, nama_dusun, id_kelurahan) VALUES(508, 'Bulu', 71);
INSERT INTO public.dusun (id, nama_dusun, id_kelurahan) VALUES(509, 'Karang Semut', 71);
INSERT INTO public.dusun (id, nama_dusun, id_kelurahan) VALUES(510, 'Puton', 71);
INSERT INTO public.dusun (id, nama_dusun, id_kelurahan) VALUES(511, 'Denokan', 71);
INSERT INTO public.dusun (id, nama_dusun, id_kelurahan) VALUES(512, 'Ponggok I', 71);
INSERT INTO public.dusun (id, nama_dusun, id_kelurahan) VALUES(513, 'Ponggok II', 71);
INSERT INTO public.dusun (id, nama_dusun, id_kelurahan) VALUES(514, 'Lanteng I', 72);
INSERT INTO public.dusun (id, nama_dusun, id_kelurahan) VALUES(515, 'Lanteng II', 72);
INSERT INTO public.dusun (id, nama_dusun, id_kelurahan) VALUES(516, 'Lemah Rubuh', 72);
INSERT INTO public.dusun (id, nama_dusun, id_kelurahan) VALUES(517, 'Jetis', 72);
INSERT INTO public.dusun (id, nama_dusun, id_kelurahan) VALUES(518, 'Kedung Jati', 72);
INSERT INTO public.dusun (id, nama_dusun, id_kelurahan) VALUES(519, 'Nogosari', 72);
INSERT INTO public.dusun (id, nama_dusun, id_kelurahan) VALUES(520, 'Nawungan I', 72);
INSERT INTO public.dusun (id, nama_dusun, id_kelurahan) VALUES(521, 'Nawungan II', 72);
INSERT INTO public.dusun (id, nama_dusun, id_kelurahan) VALUES(522, 'Kajor wetan', 72);
INSERT INTO public.dusun (id, nama_dusun, id_kelurahan) VALUES(523, 'Kajor Kulon', 72);
INSERT INTO public.dusun (id, nama_dusun, id_kelurahan) VALUES(524, 'Siluk I', 72);
INSERT INTO public.dusun (id, nama_dusun, id_kelurahan) VALUES(525, 'Siluk II', 72);
INSERT INTO public.dusun (id, nama_dusun, id_kelurahan) VALUES(526, 'Pelemantung', 72);
INSERT INTO public.dusun (id, nama_dusun, id_kelurahan) VALUES(527, 'Putat', 72);
INSERT INTO public.dusun (id, nama_dusun, id_kelurahan) VALUES(528, 'Kalidadap I', 72);
INSERT INTO public.dusun (id, nama_dusun, id_kelurahan) VALUES(529, 'Kalidadap II', 72);
INSERT INTO public.dusun (id, nama_dusun, id_kelurahan) VALUES(530, 'Srunggo I', 72);
INSERT INTO public.dusun (id, nama_dusun, id_kelurahan) VALUES(531, 'Srunggo II', 72);
INSERT INTO public.dusun (id, nama_dusun, id_kelurahan) VALUES(532, 'Miri', 73);
INSERT INTO public.dusun (id, nama_dusun, id_kelurahan) VALUES(533, 'Jati', 73);
INSERT INTO public.dusun (id, nama_dusun, id_kelurahan) VALUES(534, 'Majohuro', 73);
INSERT INTO public.dusun (id, nama_dusun, id_kelurahan) VALUES(535, 'Pelemadu', 73);
INSERT INTO public.dusun (id, nama_dusun, id_kelurahan) VALUES(536, 'Sungapan', 73);
INSERT INTO public.dusun (id, nama_dusun, id_kelurahan) VALUES(537, 'Gondosuli', 73);
INSERT INTO public.dusun (id, nama_dusun, id_kelurahan) VALUES(538, 'Trukan', 73);
INSERT INTO public.dusun (id, nama_dusun, id_kelurahan) VALUES(539, 'Dogongan', 73);
INSERT INTO public.dusun (id, nama_dusun, id_kelurahan) VALUES(540, 'Ketos', 73);
INSERT INTO public.dusun (id, nama_dusun, id_kelurahan) VALUES(541, 'Ngrancah', 73);
INSERT INTO public.dusun (id, nama_dusun, id_kelurahan) VALUES(542, 'Pengkol', 73);
INSERT INTO public.dusun (id, nama_dusun, id_kelurahan) VALUES(543, 'Sompok', 73);
INSERT INTO public.dusun (id, nama_dusun, id_kelurahan) VALUES(544, 'Wunut', 73);
INSERT INTO public.dusun (id, nama_dusun, id_kelurahan) VALUES(545, 'Singosaren', 74);
INSERT INTO public.dusun (id, nama_dusun, id_kelurahan) VALUES(546, 'Bendo', 74);
INSERT INTO public.dusun (id, nama_dusun, id_kelurahan) VALUES(547, 'Mangung', 74);
INSERT INTO public.dusun (id, nama_dusun, id_kelurahan) VALUES(548, 'Sindet', 74);
INSERT INTO public.dusun (id, nama_dusun, id_kelurahan) VALUES(549, 'Tilaman', 74);
INSERT INTO public.dusun (id, nama_dusun, id_kelurahan) VALUES(550, 'Pundung', 74);
INSERT INTO public.dusun (id, nama_dusun, id_kelurahan) VALUES(551, 'Kedung Buweng', 74);
INSERT INTO public.dusun (id, nama_dusun, id_kelurahan) VALUES(552, 'Karang Kulon', 74);
INSERT INTO public.dusun (id, nama_dusun, id_kelurahan) VALUES(553, 'Giriloyo', 74);
INSERT INTO public.dusun (id, nama_dusun, id_kelurahan) VALUES(554, 'Cengkehan', 74);
INSERT INTO public.dusun (id, nama_dusun, id_kelurahan) VALUES(555, 'Nogosari I', 74);
INSERT INTO public.dusun (id, nama_dusun, id_kelurahan) VALUES(556, 'Nogosari II', 74);
INSERT INTO public.dusun (id, nama_dusun, id_kelurahan) VALUES(557, 'Karangasem', 74);
INSERT INTO public.dusun (id, nama_dusun, id_kelurahan) VALUES(558, 'Jatirejo', 74);
INSERT INTO public.dusun (id, nama_dusun, id_kelurahan) VALUES(559, 'Karangtalun', 74);
INSERT INTO public.dusun (id, nama_dusun, id_kelurahan) VALUES(560, 'Dengkeng', 74);
INSERT INTO public.dusun (id, nama_dusun, id_kelurahan) VALUES(561, 'Mandingan', 75);
INSERT INTO public.dusun (id, nama_dusun, id_kelurahan) VALUES(562, 'Kanten', 75);
INSERT INTO public.dusun (id, nama_dusun, id_kelurahan) VALUES(563, 'Jayan', 75);
INSERT INTO public.dusun (id, nama_dusun, id_kelurahan) VALUES(564, 'Kalangan', 75);
INSERT INTO public.dusun (id, nama_dusun, id_kelurahan) VALUES(565, 'Tlogo', 75);
INSERT INTO public.dusun (id, nama_dusun, id_kelurahan) VALUES(566, 'Kemasan', 76);
INSERT INTO public.dusun (id, nama_dusun, id_kelurahan) VALUES(567, 'Karang Tengah', 76);
INSERT INTO public.dusun (id, nama_dusun, id_kelurahan) VALUES(568, 'Pucung Rowong', 76);
INSERT INTO public.dusun (id, nama_dusun, id_kelurahan) VALUES(569, 'Karangrejek', 76);
INSERT INTO public.dusun (id, nama_dusun, id_kelurahan) VALUES(570, 'Mojolegi', 76);
INSERT INTO public.dusun (id, nama_dusun, id_kelurahan) VALUES(571, 'Numpukan', 76);
INSERT INTO public.dusun (id, nama_dusun, id_kelurahan) VALUES(572, 'Dronco', 77);
INSERT INTO public.dusun (id, nama_dusun, id_kelurahan) VALUES(573, 'Kradenan', 77);
INSERT INTO public.dusun (id, nama_dusun, id_kelurahan) VALUES(574, 'Pajimatan', 77);
INSERT INTO public.dusun (id, nama_dusun, id_kelurahan) VALUES(575, 'Banyusumurup', 77);
INSERT INTO public.dusun (id, nama_dusun, id_kelurahan) VALUES(576, 'Tegalrejo', 77);
INSERT INTO public.dusun (id, nama_dusun, id_kelurahan) VALUES(577, 'Karangtalun', 78);
INSERT INTO public.dusun (id, nama_dusun, id_kelurahan) VALUES(578, 'Setran', 78);
INSERT INTO public.dusun (id, nama_dusun, id_kelurahan) VALUES(579, 'Bandungan', 78);
INSERT INTO public.dusun (id, nama_dusun, id_kelurahan) VALUES(580, 'Sareyan', 78);
INSERT INTO public.dusun (id, nama_dusun, id_kelurahan) VALUES(581, 'Salaman', 78);
INSERT INTO public.dusun (id, nama_dusun, id_kelurahan) VALUES(582, 'Dukuh', 79);
INSERT INTO public.dusun (id, nama_dusun, id_kelurahan) VALUES(583, 'Kertan', 79);
INSERT INTO public.dusun (id, nama_dusun, id_kelurahan) VALUES(584, 'Paduresan', 79);
INSERT INTO public.dusun (id, nama_dusun, id_kelurahan) VALUES(585, 'Imogiri', 79);
INSERT INTO public.dusun (id, nama_dusun, id_kelurahan) VALUES(586, 'Cempluk', 80);
INSERT INTO public.dusun (id, nama_dusun, id_kelurahan) VALUES(587, 'Mangunan', 80);
INSERT INTO public.dusun (id, nama_dusun, id_kelurahan) VALUES(588, 'Sukorame', 80);
INSERT INTO public.dusun (id, nama_dusun, id_kelurahan) VALUES(589, 'Lemahbang', 80);
INSERT INTO public.dusun (id, nama_dusun, id_kelurahan) VALUES(590, 'Kediwung', 80);
INSERT INTO public.dusun (id, nama_dusun, id_kelurahan) VALUES(591, 'Kanigoro', 80);
INSERT INTO public.dusun (id, nama_dusun, id_kelurahan) VALUES(592, 'Gunung cilik', 81);
INSERT INTO public.dusun (id, nama_dusun, id_kelurahan) VALUES(593, 'Muntuk', 81);
INSERT INTO public.dusun (id, nama_dusun, id_kelurahan) VALUES(594, 'Sanggrahan I', 81);
INSERT INTO public.dusun (id, nama_dusun, id_kelurahan) VALUES(595, 'Sanggrahan II', 81);
INSERT INTO public.dusun (id, nama_dusun, id_kelurahan) VALUES(596, 'Banjarharjo I', 81);
INSERT INTO public.dusun (id, nama_dusun, id_kelurahan) VALUES(597, 'Banjarharjo II', 81);
INSERT INTO public.dusun (id, nama_dusun, id_kelurahan) VALUES(598, 'Tangkil', 81);
INSERT INTO public.dusun (id, nama_dusun, id_kelurahan) VALUES(599, 'Karangasem', 81);
INSERT INTO public.dusun (id, nama_dusun, id_kelurahan) VALUES(600, 'Seropan I', 81);
INSERT INTO public.dusun (id, nama_dusun, id_kelurahan) VALUES(601, 'Seropan II', 81);
INSERT INTO public.dusun (id, nama_dusun, id_kelurahan) VALUES(602, 'Seropan III', 81);
INSERT INTO public.dusun (id, nama_dusun, id_kelurahan) VALUES(603, 'Dlingo I', 82);
INSERT INTO public.dusun (id, nama_dusun, id_kelurahan) VALUES(604, 'Dlingo II', 82);
INSERT INTO public.dusun (id, nama_dusun, id_kelurahan) VALUES(605, 'Karipan I', 82);
INSERT INTO public.dusun (id, nama_dusun, id_kelurahan) VALUES(606, 'Karipan II', 82);
INSERT INTO public.dusun (id, nama_dusun, id_kelurahan) VALUES(607, 'Pokoh I', 82);
INSERT INTO public.dusun (id, nama_dusun, id_kelurahan) VALUES(608, 'Pokoh II', 82);
INSERT INTO public.dusun (id, nama_dusun, id_kelurahan) VALUES(609, 'Pakis I', 82);
INSERT INTO public.dusun (id, nama_dusun, id_kelurahan) VALUES(610, 'Pakis II', 82);
INSERT INTO public.dusun (id, nama_dusun, id_kelurahan) VALUES(611, 'Kebosungu I', 82);
INSERT INTO public.dusun (id, nama_dusun, id_kelurahan) VALUES(612, 'Kebosungu II', 82);
INSERT INTO public.dusun (id, nama_dusun, id_kelurahan) VALUES(613, 'Tekik', 83);
INSERT INTO public.dusun (id, nama_dusun, id_kelurahan) VALUES(614, 'Temuwuh', 83);
INSERT INTO public.dusun (id, nama_dusun, id_kelurahan) VALUES(615, 'Salam', 83);
INSERT INTO public.dusun (id, nama_dusun, id_kelurahan) VALUES(616, 'Klepu', 83);
INSERT INTO public.dusun (id, nama_dusun, id_kelurahan) VALUES(617, 'Kapingan', 83);
INSERT INTO public.dusun (id, nama_dusun, id_kelurahan) VALUES(618, 'Nglampengan', 83);
INSERT INTO public.dusun (id, nama_dusun, id_kelurahan) VALUES(619, 'Jambewangi', 83);
INSERT INTO public.dusun (id, nama_dusun, id_kelurahan) VALUES(620, 'Jurug', 83);
INSERT INTO public.dusun (id, nama_dusun, id_kelurahan) VALUES(621, 'Tanjung', 83);
INSERT INTO public.dusun (id, nama_dusun, id_kelurahan) VALUES(622, 'Lungguh', 83);
INSERT INTO public.dusun (id, nama_dusun, id_kelurahan) VALUES(623, 'Ngunu', 83);
INSERT INTO public.dusun (id, nama_dusun, id_kelurahan) VALUES(624, 'Tanjan', 83);
INSERT INTO public.dusun (id, nama_dusun, id_kelurahan) VALUES(625, 'Kebo kuning', 84);
INSERT INTO public.dusun (id, nama_dusun, id_kelurahan) VALUES(626, 'Saradan', 84);
INSERT INTO public.dusun (id, nama_dusun, id_kelurahan) VALUES(627, 'Pancuran', 84);
INSERT INTO public.dusun (id, nama_dusun, id_kelurahan) VALUES(628, 'Rejosari', 84);
INSERT INTO public.dusun (id, nama_dusun, id_kelurahan) VALUES(629, 'Terong I', 84);
INSERT INTO public.dusun (id, nama_dusun, id_kelurahan) VALUES(630, 'Terong II', 84);
INSERT INTO public.dusun (id, nama_dusun, id_kelurahan) VALUES(631, 'Pencitrejo', 84);
INSERT INTO public.dusun (id, nama_dusun, id_kelurahan) VALUES(632, 'Sendangsari', 84);
INSERT INTO public.dusun (id, nama_dusun, id_kelurahan) VALUES(633, 'Ngenep', 84);
INSERT INTO public.dusun (id, nama_dusun, id_kelurahan) VALUES(634, 'Maladan', 85);
INSERT INTO public.dusun (id, nama_dusun, id_kelurahan) VALUES(635, 'Tegallawas', 85);
INSERT INTO public.dusun (id, nama_dusun, id_kelurahan) VALUES(636, 'Gayam', 85);
INSERT INTO public.dusun (id, nama_dusun, id_kelurahan) VALUES(637, 'Bandean', 85);
INSERT INTO public.dusun (id, nama_dusun, id_kelurahan) VALUES(638, 'Semuten', 85);
INSERT INTO public.dusun (id, nama_dusun, id_kelurahan) VALUES(639, 'Banyuurip', 85);
INSERT INTO public.dusun (id, nama_dusun, id_kelurahan) VALUES(640, 'Loputih', 85);
INSERT INTO public.dusun (id, nama_dusun, id_kelurahan) VALUES(641, 'Kedug ayak', 85);
INSERT INTO public.dusun (id, nama_dusun, id_kelurahan) VALUES(642, 'Rejosari', 85);
INSERT INTO public.dusun (id, nama_dusun, id_kelurahan) VALUES(643, 'Dodogan', 85);
INSERT INTO public.dusun (id, nama_dusun, id_kelurahan) VALUES(644, 'Pelem', 86);
INSERT INTO public.dusun (id, nama_dusun, id_kelurahan) VALUES(645, 'Mantup', 86);
INSERT INTO public.dusun (id, nama_dusun, id_kelurahan) VALUES(646, 'Kalangan', 86);
INSERT INTO public.dusun (id, nama_dusun, id_kelurahan) VALUES(647, 'Wiyor', 86);
INSERT INTO public.dusun (id, nama_dusun, id_kelurahan) VALUES(648, 'Giang', 86);
INSERT INTO public.dusun (id, nama_dusun, id_kelurahan) VALUES(649, 'Ngipik', 86);
INSERT INTO public.dusun (id, nama_dusun, id_kelurahan) VALUES(650, 'Plakaran', 86);
INSERT INTO public.dusun (id, nama_dusun, id_kelurahan) VALUES(651, 'Manggisan', 86);
INSERT INTO public.dusun (id, nama_dusun, id_kelurahan) VALUES(652, 'Tegal Tandan', 87);
INSERT INTO public.dusun (id, nama_dusun, id_kelurahan) VALUES(653, 'Jaranan', 87);
INSERT INTO public.dusun (id, nama_dusun, id_kelurahan) VALUES(654, 'Jomblangan', 87);
INSERT INTO public.dusun (id, nama_dusun, id_kelurahan) VALUES(655, 'Wonocatur', 87);
INSERT INTO public.dusun (id, nama_dusun, id_kelurahan) VALUES(656, 'Karangjambe', 87);
INSERT INTO public.dusun (id, nama_dusun, id_kelurahan) VALUES(657, 'Karangbendo', 87);
INSERT INTO public.dusun (id, nama_dusun, id_kelurahan) VALUES(658, 'Sorowajan', 87);
INSERT INTO public.dusun (id, nama_dusun, id_kelurahan) VALUES(659, 'Plumbon', 87);
INSERT INTO public.dusun (id, nama_dusun, id_kelurahan) VALUES(660, 'Pelemwulung', 87);
INSERT INTO public.dusun (id, nama_dusun, id_kelurahan) VALUES(661, 'Pringgolayan', 87);
INSERT INTO public.dusun (id, nama_dusun, id_kelurahan) VALUES(662, 'Modalan', 87);
INSERT INTO public.dusun (id, nama_dusun, id_kelurahan) VALUES(663, 'Sayangan', 88);
INSERT INTO public.dusun (id, nama_dusun, id_kelurahan) VALUES(664, 'Bodon', 88);
INSERT INTO public.dusun (id, nama_dusun, id_kelurahan) VALUES(665, 'Singosaren I', 89);
INSERT INTO public.dusun (id, nama_dusun, id_kelurahan) VALUES(666, 'Singosaren II', 89);
INSERT INTO public.dusun (id, nama_dusun, id_kelurahan) VALUES(667, 'Singosaren III', 89);
INSERT INTO public.dusun (id, nama_dusun, id_kelurahan) VALUES(668, 'Potorono', 90);
INSERT INTO public.dusun (id, nama_dusun, id_kelurahan) VALUES(669, 'Salakan', 90);
INSERT INTO public.dusun (id, nama_dusun, id_kelurahan) VALUES(670, 'Prangwedanan', 90);
INSERT INTO public.dusun (id, nama_dusun, id_kelurahan) VALUES(671, 'Condrowangsan', 90);
INSERT INTO public.dusun (id, nama_dusun, id_kelurahan) VALUES(672, 'Nglaren', 90);
INSERT INTO public.dusun (id, nama_dusun, id_kelurahan) VALUES(673, 'Mertosanan Wetan', 90);
INSERT INTO public.dusun (id, nama_dusun, id_kelurahan) VALUES(674, 'Mertosanan Kulon', 90);
INSERT INTO public.dusun (id, nama_dusun, id_kelurahan) VALUES(675, 'Balong lor', 90);
INSERT INTO public.dusun (id, nama_dusun, id_kelurahan) VALUES(676, 'Banjardadap', 90);
INSERT INTO public.dusun (id, nama_dusun, id_kelurahan) VALUES(677, 'Kragilan', 91);
INSERT INTO public.dusun (id, nama_dusun, id_kelurahan) VALUES(678, 'Tamanan', 91);
INSERT INTO public.dusun (id, nama_dusun, id_kelurahan) VALUES(679, 'Kauman', 91);
INSERT INTO public.dusun (id, nama_dusun, id_kelurahan) VALUES(680, 'Krobokan', 91);
INSERT INTO public.dusun (id, nama_dusun, id_kelurahan) VALUES(681, 'Nglebeng', 91);
INSERT INTO public.dusun (id, nama_dusun, id_kelurahan) VALUES(682, 'Grojogan', 91);
INSERT INTO public.dusun (id, nama_dusun, id_kelurahan) VALUES(683, 'Glagah Lor', 91);
INSERT INTO public.dusun (id, nama_dusun, id_kelurahan) VALUES(684, 'Glagah Kidul', 91);
INSERT INTO public.dusun (id, nama_dusun, id_kelurahan) VALUES(685, 'Sokowaten', 91);
INSERT INTO public.dusun (id, nama_dusun, id_kelurahan) VALUES(686, 'Grojogan', 92);
INSERT INTO public.dusun (id, nama_dusun, id_kelurahan) VALUES(687, 'Botokenceng', 92);
INSERT INTO public.dusun (id, nama_dusun, id_kelurahan) VALUES(688, 'Sampangan', 92);
INSERT INTO public.dusun (id, nama_dusun, id_kelurahan) VALUES(689, 'Tobratan', 92);
INSERT INTO public.dusun (id, nama_dusun, id_kelurahan) VALUES(690, 'Kepuh Wetan', 92);
INSERT INTO public.dusun (id, nama_dusun, id_kelurahan) VALUES(691, 'Kepuh Kulon', 92);
INSERT INTO public.dusun (id, nama_dusun, id_kelurahan) VALUES(692, 'Kertopaten', 92);
INSERT INTO public.dusun (id, nama_dusun, id_kelurahan) VALUES(693, 'Mutihan', 92);
INSERT INTO public.dusun (id, nama_dusun, id_kelurahan) VALUES(694, 'Pandes I', 94);
INSERT INTO public.dusun (id, nama_dusun, id_kelurahan) VALUES(695, 'Pandes II', 94);
INSERT INTO public.dusun (id, nama_dusun, id_kelurahan) VALUES(696, 'Jejeran I', 94);
INSERT INTO public.dusun (id, nama_dusun, id_kelurahan) VALUES(697, 'Jejeran II', 94);
INSERT INTO public.dusun (id, nama_dusun, id_kelurahan) VALUES(698, 'Wonokromo I', 94);
INSERT INTO public.dusun (id, nama_dusun, id_kelurahan) VALUES(699, 'Wonokromo II', 94);
INSERT INTO public.dusun (id, nama_dusun, id_kelurahan) VALUES(700, 'Brajan', 94);
INSERT INTO public.dusun (id, nama_dusun, id_kelurahan) VALUES(701, 'Karanganom', 94);
INSERT INTO public.dusun (id, nama_dusun, id_kelurahan) VALUES(702, 'Ketonggo', 94);
INSERT INTO public.dusun (id, nama_dusun, id_kelurahan) VALUES(703, 'Jati', 94);
INSERT INTO public.dusun (id, nama_dusun, id_kelurahan) VALUES(704, 'Demangan', 94);
INSERT INTO public.dusun (id, nama_dusun, id_kelurahan) VALUES(705, 'Sareyan', 94);
INSERT INTO public.dusun (id, nama_dusun, id_kelurahan) VALUES(706, 'Gunungan', 95);
INSERT INTO public.dusun (id, nama_dusun, id_kelurahan) VALUES(707, 'Trayeman', 95);
INSERT INTO public.dusun (id, nama_dusun, id_kelurahan) VALUES(708, 'Kauman', 95);
INSERT INTO public.dusun (id, nama_dusun, id_kelurahan) VALUES(709, 'Gunungkelir', 95);
INSERT INTO public.dusun (id, nama_dusun, id_kelurahan) VALUES(710, 'Kedaton', 95);
INSERT INTO public.dusun (id, nama_dusun, id_kelurahan) VALUES(711, 'Pungkuran', 95);
INSERT INTO public.dusun (id, nama_dusun, id_kelurahan) VALUES(712, 'Karet', 95);
INSERT INTO public.dusun (id, nama_dusun, id_kelurahan) VALUES(713, 'Kerto', 95);
INSERT INTO public.dusun (id, nama_dusun, id_kelurahan) VALUES(714, 'Kanggotan', 95);
INSERT INTO public.dusun (id, nama_dusun, id_kelurahan) VALUES(715, 'Bedukan', 95);
INSERT INTO public.dusun (id, nama_dusun, id_kelurahan) VALUES(716, 'Keputren', 95);
INSERT INTO public.dusun (id, nama_dusun, id_kelurahan) VALUES(717, 'Srumbung', 96);
INSERT INTO public.dusun (id, nama_dusun, id_kelurahan) VALUES(718, 'Jembangan', 96);
INSERT INTO public.dusun (id, nama_dusun, id_kelurahan) VALUES(719, 'Kloron', 96);
INSERT INTO public.dusun (id, nama_dusun, id_kelurahan) VALUES(720, 'Segoroyoso I', 96);
INSERT INTO public.dusun (id, nama_dusun, id_kelurahan) VALUES(721, 'Segoroyoso II', 96);
INSERT INTO public.dusun (id, nama_dusun, id_kelurahan) VALUES(722, 'Trukan', 96);
INSERT INTO public.dusun (id, nama_dusun, id_kelurahan) VALUES(723, 'Dahromo I', 96);
INSERT INTO public.dusun (id, nama_dusun, id_kelurahan) VALUES(724, 'Dahromo II', 96);
INSERT INTO public.dusun (id, nama_dusun, id_kelurahan) VALUES(725, 'Karanggayam', 96);
INSERT INTO public.dusun (id, nama_dusun, id_kelurahan) VALUES(726, 'Tegalrejo', 97);
INSERT INTO public.dusun (id, nama_dusun, id_kelurahan) VALUES(727, 'Bawuran I', 97);
INSERT INTO public.dusun (id, nama_dusun, id_kelurahan) VALUES(728, 'Bawuran II', 97);
INSERT INTO public.dusun (id, nama_dusun, id_kelurahan) VALUES(729, 'Jambon', 97);
INSERT INTO public.dusun (id, nama_dusun, id_kelurahan) VALUES(730, 'Kedungpring', 97);
INSERT INTO public.dusun (id, nama_dusun, id_kelurahan) VALUES(731, 'Sentulrejo', 97);
INSERT INTO public.dusun (id, nama_dusun, id_kelurahan) VALUES(732, 'Sanan', 97);
INSERT INTO public.dusun (id, nama_dusun, id_kelurahan) VALUES(733, 'Kedungrejo', 98);
INSERT INTO public.dusun (id, nama_dusun, id_kelurahan) VALUES(734, 'Cegokan', 98);
INSERT INTO public.dusun (id, nama_dusun, id_kelurahan) VALUES(735, 'Majasari', 98);
INSERT INTO public.dusun (id, nama_dusun, id_kelurahan) VALUES(736, 'Depok', 98);
INSERT INTO public.dusun (id, nama_dusun, id_kelurahan) VALUES(737, 'Guyangan', 98);
INSERT INTO public.dusun (id, nama_dusun, id_kelurahan) VALUES(738, 'Ploso', 98);
INSERT INTO public.dusun (id, nama_dusun, id_kelurahan) VALUES(739, 'Purworejo', 98);
INSERT INTO public.dusun (id, nama_dusun, id_kelurahan) VALUES(740, 'Bojong', 98);
INSERT INTO public.dusun (id, nama_dusun, id_kelurahan) VALUES(741, 'Babatan', 99);
INSERT INTO public.dusun (id, nama_dusun, id_kelurahan) VALUES(742, 'Karanganom', 99);
INSERT INTO public.dusun (id, nama_dusun, id_kelurahan) VALUES(743, 'Karangtengah', 99);
INSERT INTO public.dusun (id, nama_dusun, id_kelurahan) VALUES(744, 'Mojosari', 99);
INSERT INTO public.dusun (id, nama_dusun, id_kelurahan) VALUES(745, 'Karangplosos', 99);
INSERT INTO public.dusun (id, nama_dusun, id_kelurahan) VALUES(746, 'Nglengis', 99);
INSERT INTO public.dusun (id, nama_dusun, id_kelurahan) VALUES(747, 'Madugondo', 99);
INSERT INTO public.dusun (id, nama_dusun, id_kelurahan) VALUES(748, 'Somokaton', 99);
INSERT INTO public.dusun (id, nama_dusun, id_kelurahan) VALUES(749, 'Monggang', 99);
INSERT INTO public.dusun (id, nama_dusun, id_kelurahan) VALUES(750, 'Karanggayam', 99);
INSERT INTO public.dusun (id, nama_dusun, id_kelurahan) VALUES(751, 'Kunden', 99);
INSERT INTO public.dusun (id, nama_dusun, id_kelurahan) VALUES(752, 'Cepokojajar', 99);
INSERT INTO public.dusun (id, nama_dusun, id_kelurahan) VALUES(753, 'Padangan', 99);
INSERT INTO public.dusun (id, nama_dusun, id_kelurahan) VALUES(754, 'Ngampon', 99);
INSERT INTO public.dusun (id, nama_dusun, id_kelurahan) VALUES(755, 'Pagergunung I', 99);
INSERT INTO public.dusun (id, nama_dusun, id_kelurahan) VALUES(756, 'Pagergunung II', 99);
INSERT INTO public.dusun (id, nama_dusun, id_kelurahan) VALUES(757, 'Nganyang', 99);
INSERT INTO public.dusun (id, nama_dusun, id_kelurahan) VALUES(758, 'Banyakan I', 99);
INSERT INTO public.dusun (id, nama_dusun, id_kelurahan) VALUES(759, 'Banyakan II', 99);
INSERT INTO public.dusun (id, nama_dusun, id_kelurahan) VALUES(760, 'Banyakan III', 99);
INSERT INTO public.dusun (id, nama_dusun, id_kelurahan) VALUES(761, 'Ngablak', 99);
INSERT INTO public.dusun (id, nama_dusun, id_kelurahan) VALUES(762, 'Bangkel', 100);
INSERT INTO public.dusun (id, nama_dusun, id_kelurahan) VALUES(763, 'Klenggotan', 100);
INSERT INTO public.dusun (id, nama_dusun, id_kelurahan) VALUES(764, 'Payak Cilik', 100);
INSERT INTO public.dusun (id, nama_dusun, id_kelurahan) VALUES(765, 'Payak Tengah', 100);
INSERT INTO public.dusun (id, nama_dusun, id_kelurahan) VALUES(766, 'Payak Wetan', 100);
INSERT INTO public.dusun (id, nama_dusun, id_kelurahan) VALUES(767, 'Onggopatran', 100);
INSERT INTO public.dusun (id, nama_dusun, id_kelurahan) VALUES(768, 'Kabregan', 100);
INSERT INTO public.dusun (id, nama_dusun, id_kelurahan) VALUES(769, 'Sandeyan', 100);
INSERT INTO public.dusun (id, nama_dusun, id_kelurahan) VALUES(770, 'Plesedan', 100);
INSERT INTO public.dusun (id, nama_dusun, id_kelurahan) VALUES(771, 'Duwet Gentong', 100);
INSERT INTO public.dusun (id, nama_dusun, id_kelurahan) VALUES(772, 'Ngijo', 100);
INSERT INTO public.dusun (id, nama_dusun, id_kelurahan) VALUES(773, 'Jombor', 100);
INSERT INTO public.dusun (id, nama_dusun, id_kelurahan) VALUES(774, 'Bintaran Kulon', 100);
INSERT INTO public.dusun (id, nama_dusun, id_kelurahan) VALUES(775, 'Bintaran Wetan', 100);
INSERT INTO public.dusun (id, nama_dusun, id_kelurahan) VALUES(776, 'Cikal', 100);
INSERT INTO public.dusun (id, nama_dusun, id_kelurahan) VALUES(777, 'Kradenan', 100);
INSERT INTO public.dusun (id, nama_dusun, id_kelurahan) VALUES(778, 'Jolosutro', 100);
INSERT INTO public.dusun (id, nama_dusun, id_kelurahan) VALUES(779, 'Prayan', 100);
INSERT INTO public.dusun (id, nama_dusun, id_kelurahan) VALUES(780, 'Ngelosari', 100);
INSERT INTO public.dusun (id, nama_dusun, id_kelurahan) VALUES(781, 'Jasem', 100);
INSERT INTO public.dusun (id, nama_dusun, id_kelurahan) VALUES(782, 'Padeyan', 100);
INSERT INTO public.dusun (id, nama_dusun, id_kelurahan) VALUES(783, 'Kaligatuk', 100);
INSERT INTO public.dusun (id, nama_dusun, id_kelurahan) VALUES(784, 'Mandungan', 101);
INSERT INTO public.dusun (id, nama_dusun, id_kelurahan) VALUES(785, 'Piyungan', 101);
INSERT INTO public.dusun (id, nama_dusun, id_kelurahan) VALUES(786, 'Pos Piyungan', 101);
INSERT INTO public.dusun (id, nama_dusun, id_kelurahan) VALUES(787, 'Wanujoyo Lor', 101);
INSERT INTO public.dusun (id, nama_dusun, id_kelurahan) VALUES(788, 'Wanujoyo Kidul', 101);
INSERT INTO public.dusun (id, nama_dusun, id_kelurahan) VALUES(789, 'Munggur', 101);
INSERT INTO public.dusun (id, nama_dusun, id_kelurahan) VALUES(790, 'Mutihan', 101);
INSERT INTO public.dusun (id, nama_dusun, id_kelurahan) VALUES(791, 'Daraman', 101);
INSERT INTO public.dusun (id, nama_dusun, id_kelurahan) VALUES(792, 'Kwasen', 101);
INSERT INTO public.dusun (id, nama_dusun, id_kelurahan) VALUES(793, 'Mojosari', 101);
INSERT INTO public.dusun (id, nama_dusun, id_kelurahan) VALUES(794, 'Kembangsari', 101);
INSERT INTO public.dusun (id, nama_dusun, id_kelurahan) VALUES(795, 'Petir', 101);
INSERT INTO public.dusun (id, nama_dusun, id_kelurahan) VALUES(796, 'Sanansari', 101);
INSERT INTO public.dusun (id, nama_dusun, id_kelurahan) VALUES(797, 'Bulusari', 101);
INSERT INTO public.dusun (id, nama_dusun, id_kelurahan) VALUES(798, 'Rejosari', 101);
INSERT INTO public.dusun (id, nama_dusun, id_kelurahan) VALUES(799, 'Kemloko', 101);
INSERT INTO public.dusun (id, nama_dusun, id_kelurahan) VALUES(800, 'Umbulsari', 101);
INSERT INTO public.dusun (id, nama_dusun, id_kelurahan) VALUES(801, 'Dagen', 86);
INSERT INTO public.dusun (id, nama_dusun, id_kelurahan) VALUES(802, 'Cepit', 86);
INSERT INTO public.dusun (id, nama_dusun, id_kelurahan) VALUES(803, 'Sawahan', 86);
INSERT INTO public.dusun (id, nama_dusun, id_kelurahan) VALUES(804, 'Krandohan', 86);
INSERT INTO public.dusun (id, nama_dusun, id_kelurahan) VALUES(805, 'Ngimbang', 86);
INSERT INTO public.dusun (id, nama_dusun, id_kelurahan) VALUES(806, 'Miri', 86);
INSERT INTO public.dusun (id, nama_dusun, id_kelurahan) VALUES(807, 'Bandung', 86);
INSERT INTO public.dusun (id, nama_dusun, id_kelurahan) VALUES(808, 'Ngaglik', 86);
INSERT INTO public.dusun (id, nama_dusun, id_kelurahan) VALUES(809, 'Monggang', 86);
INSERT INTO public.dusun (id, nama_dusun, id_kelurahan) VALUES(810, 'Kaliputih', 86);
INSERT INTO public.dusun (id, nama_dusun, id_kelurahan) VALUES(811, 'Blunyahan', 86);
INSERT INTO public.dusun (id, nama_dusun, id_kelurahan) VALUES(812, 'Pucung', 86);
INSERT INTO public.dusun (id, nama_dusun, id_kelurahan) VALUES(813, 'Diro', 86);
INSERT INTO public.dusun (id, nama_dusun, id_kelurahan) VALUES(814, 'Rogoitan', 86);
INSERT INTO public.dusun (id, nama_dusun, id_kelurahan) VALUES(815, 'Banyon', 86);
INSERT INTO public.dusun (id, nama_dusun, id_kelurahan) VALUES(816, 'Pendowo', 86);
INSERT INTO public.dusun (id, nama_dusun, id_kelurahan) VALUES(817, 'Dadapan', 87);
INSERT INTO public.dusun (id, nama_dusun, id_kelurahan) VALUES(818, 'Tembi', 87);
INSERT INTO public.dusun (id, nama_dusun, id_kelurahan) VALUES(819, 'Gatak', 87);
INSERT INTO public.dusun (id, nama_dusun, id_kelurahan) VALUES(820, 'Balong', 87);
INSERT INTO public.dusun (id, nama_dusun, id_kelurahan) VALUES(821, 'Gabusan', 87);
INSERT INTO public.dusun (id, nama_dusun, id_kelurahan) VALUES(822, 'Dagan', 87);
INSERT INTO public.dusun (id, nama_dusun, id_kelurahan) VALUES(823, 'Sewon', 87);
INSERT INTO public.dusun (id, nama_dusun, id_kelurahan) VALUES(824, 'Mriyan', 87);
INSERT INTO public.dusun (id, nama_dusun, id_kelurahan) VALUES(825, 'Kowen I', 87);
INSERT INTO public.dusun (id, nama_dusun, id_kelurahan) VALUES(826, 'Kowen II', 87);
INSERT INTO public.dusun (id, nama_dusun, id_kelurahan) VALUES(827, 'Dobalan', 87);
INSERT INTO public.dusun (id, nama_dusun, id_kelurahan) VALUES(828, 'Sudimoro', 87);
INSERT INTO public.dusun (id, nama_dusun, id_kelurahan) VALUES(829, 'Bibis', 87);
INSERT INTO public.dusun (id, nama_dusun, id_kelurahan) VALUES(830, 'Ngasem', 87);
INSERT INTO public.dusun (id, nama_dusun, id_kelurahan) VALUES(831, 'Kepek', 87);
INSERT INTO public.dusun (id, nama_dusun, id_kelurahan) VALUES(832, 'Ngentak', 87);
INSERT INTO public.dusun (id, nama_dusun, id_kelurahan) VALUES(833, 'Jotawang', 88);
INSERT INTO public.dusun (id, nama_dusun, id_kelurahan) VALUES(834, 'Salakan', 88);
INSERT INTO public.dusun (id, nama_dusun, id_kelurahan) VALUES(835, 'Randubelang', 88);
INSERT INTO public.dusun (id, nama_dusun, id_kelurahan) VALUES(836, 'Wojo', 88);
INSERT INTO public.dusun (id, nama_dusun, id_kelurahan) VALUES(837, 'Tanjung', 88);
INSERT INTO public.dusun (id, nama_dusun, id_kelurahan) VALUES(838, 'Saman', 88);
INSERT INTO public.dusun (id, nama_dusun, id_kelurahan) VALUES(839, 'Druwo', 88);
INSERT INTO public.dusun (id, nama_dusun, id_kelurahan) VALUES(840, 'Tarudan', 88);
INSERT INTO public.dusun (id, nama_dusun, id_kelurahan) VALUES(841, 'Ngoto', 88);
INSERT INTO public.dusun (id, nama_dusun, id_kelurahan) VALUES(842, 'Pandeyan', 88);
INSERT INTO public.dusun (id, nama_dusun, id_kelurahan) VALUES(843, 'Bakung', 88);
INSERT INTO public.dusun (id, nama_dusun, id_kelurahan) VALUES(844, 'Semail', 88);
INSERT INTO public.dusun (id, nama_dusun, id_kelurahan) VALUES(845, 'Mredo', 88);
INSERT INTO public.dusun (id, nama_dusun, id_kelurahan) VALUES(846, 'Gatak', 88);
INSERT INTO public.dusun (id, nama_dusun, id_kelurahan) VALUES(847, 'Widoro', 88);
INSERT INTO public.dusun (id, nama_dusun, id_kelurahan) VALUES(848, 'Jurug', 88);
INSERT INTO public.dusun (id, nama_dusun, id_kelurahan) VALUES(849, 'Demangan', 88);
INSERT INTO public.dusun (id, nama_dusun, id_kelurahan) VALUES(850, 'Garon', 89);
INSERT INTO public.dusun (id, nama_dusun, id_kelurahan) VALUES(851, 'Cabean', 89);
INSERT INTO public.dusun (id, nama_dusun, id_kelurahan) VALUES(852, 'Ngireng-ireng', 89);
INSERT INTO public.dusun (id, nama_dusun, id_kelurahan) VALUES(853, 'Geneng', 89);
INSERT INTO public.dusun (id, nama_dusun, id_kelurahan) VALUES(854, 'Jaranan', 89);
INSERT INTO public.dusun (id, nama_dusun, id_kelurahan) VALUES(855, 'Glondong', 89);
INSERT INTO public.dusun (id, nama_dusun, id_kelurahan) VALUES(856, 'Pandes', 89);
INSERT INTO public.dusun (id, nama_dusun, id_kelurahan) VALUES(857, 'Sawit', 89);
INSERT INTO public.dusun (id, nama_dusun, id_kelurahan) VALUES(858, 'Kweni', 89);
INSERT INTO public.dusun (id, nama_dusun, id_kelurahan) VALUES(859, 'Pelemsewu', 89);
INSERT INTO public.dusun (id, nama_dusun, id_kelurahan) VALUES(860, 'Glugo', 89);
INSERT INTO public.dusun (id, nama_dusun, id_kelurahan) VALUES(861, 'Dongkelan', 89);
INSERT INTO public.dusun (id, nama_dusun, id_kelurahan) VALUES(862, 'Krapyak Kulon', 89);
INSERT INTO public.dusun (id, nama_dusun, id_kelurahan) VALUES(863, 'Krapyak Wetan', 89);
INSERT INTO public.dusun (id, nama_dusun, id_kelurahan) VALUES(864, 'Gendeng', 90);
INSERT INTO public.dusun (id, nama_dusun, id_kelurahan) VALUES(865, 'Ngentak', 90);
INSERT INTO public.dusun (id, nama_dusun, id_kelurahan) VALUES(866, 'Donotirto', 90);
INSERT INTO public.dusun (id, nama_dusun, id_kelurahan) VALUES(867, 'Lemahdadi', 90);
INSERT INTO public.dusun (id, nama_dusun, id_kelurahan) VALUES(868, 'Salakan', 90);
INSERT INTO public.dusun (id, nama_dusun, id_kelurahan) VALUES(869, 'Sambikerep', 90);
INSERT INTO public.dusun (id, nama_dusun, id_kelurahan) VALUES(870, 'Petung', 90);
INSERT INTO public.dusun (id, nama_dusun, id_kelurahan) VALUES(871, 'Kenalan', 90);
INSERT INTO public.dusun (id, nama_dusun, id_kelurahan) VALUES(872, 'Sribitan', 90);
INSERT INTO public.dusun (id, nama_dusun, id_kelurahan) VALUES(873, 'Kalirandu', 90);
INSERT INTO public.dusun (id, nama_dusun, id_kelurahan) VALUES(874, 'Bangen', 90);
INSERT INTO public.dusun (id, nama_dusun, id_kelurahan) VALUES(875, 'Bibis', 90);
INSERT INTO public.dusun (id, nama_dusun, id_kelurahan) VALUES(876, 'Jipangan', 90);
INSERT INTO public.dusun (id, nama_dusun, id_kelurahan) VALUES(877, 'Kalangan', 90);
INSERT INTO public.dusun (id, nama_dusun, id_kelurahan) VALUES(878, 'Kalipucang', 90);
INSERT INTO public.dusun (id, nama_dusun, id_kelurahan) VALUES(879, 'Gedongan', 90);
INSERT INTO public.dusun (id, nama_dusun, id_kelurahan) VALUES(880, 'Kasongan', 90);
INSERT INTO public.dusun (id, nama_dusun, id_kelurahan) VALUES(881, 'Tirto', 90);
INSERT INTO public.dusun (id, nama_dusun, id_kelurahan) VALUES(882, 'Sembungan', 90);
INSERT INTO public.dusun (id, nama_dusun, id_kelurahan) VALUES(883, 'Kalipakis', 91);
INSERT INTO public.dusun (id, nama_dusun, id_kelurahan) VALUES(884, 'Kersan', 91);
INSERT INTO public.dusun (id, nama_dusun, id_kelurahan) VALUES(885, 'Jeblog', 91);
INSERT INTO public.dusun (id, nama_dusun, id_kelurahan) VALUES(886, 'Plurugan', 91);
INSERT INTO public.dusun (id, nama_dusun, id_kelurahan) VALUES(887, 'Padokan Lor', 91);
INSERT INTO public.dusun (id, nama_dusun, id_kelurahan) VALUES(888, 'Padokan Kidul', 91);
INSERT INTO public.dusun (id, nama_dusun, id_kelurahan) VALUES(889, 'Dongkelan', 91);
INSERT INTO public.dusun (id, nama_dusun, id_kelurahan) VALUES(890, 'Jogonalan Lor', 91);
INSERT INTO public.dusun (id, nama_dusun, id_kelurahan) VALUES(891, 'Jogonalan Kidul', 91);
INSERT INTO public.dusun (id, nama_dusun, id_kelurahan) VALUES(892, 'Glondong', 91);
INSERT INTO public.dusun (id, nama_dusun, id_kelurahan) VALUES(893, 'Mrisi', 91);
INSERT INTO public.dusun (id, nama_dusun, id_kelurahan) VALUES(894, 'Beton', 91);
INSERT INTO public.dusun (id, nama_dusun, id_kelurahan) VALUES(895, 'Geblagan', 92);
INSERT INTO public.dusun (id, nama_dusun, id_kelurahan) VALUES(896, 'Gatak', 92);
INSERT INTO public.dusun (id, nama_dusun, id_kelurahan) VALUES(897, 'Ngebel', 92);
INSERT INTO public.dusun (id, nama_dusun, id_kelurahan) VALUES(898, 'Ngrame', 92);
INSERT INTO public.dusun (id, nama_dusun, id_kelurahan) VALUES(899, 'Jetis', 92);
INSERT INTO public.dusun (id, nama_dusun, id_kelurahan) VALUES(900, 'Jadan', 92);
INSERT INTO public.dusun (id, nama_dusun, id_kelurahan) VALUES(901, 'Brajan', 92);
INSERT INTO public.dusun (id, nama_dusun, id_kelurahan) VALUES(902, 'Gonjen', 92);
INSERT INTO public.dusun (id, nama_dusun, id_kelurahan) VALUES(903, 'Kasihan', 92);
INSERT INTO public.dusun (id, nama_dusun, id_kelurahan) VALUES(904, 'Kembaran', 92);
INSERT INTO public.dusun (id, nama_dusun, id_kelurahan) VALUES(905, 'Tambak', 93);
INSERT INTO public.dusun (id, nama_dusun, id_kelurahan) VALUES(906, 'Sumberan', 93);
INSERT INTO public.dusun (id, nama_dusun, id_kelurahan) VALUES(907, 'Soragan', 93);
INSERT INTO public.dusun (id, nama_dusun, id_kelurahan) VALUES(908, 'Cungkuk', 93);
INSERT INTO public.dusun (id, nama_dusun, id_kelurahan) VALUES(909, 'Kadipiro', 93);
INSERT INTO public.dusun (id, nama_dusun, id_kelurahan) VALUES(910, 'Sonosewu', 93);
INSERT INTO public.dusun (id, nama_dusun, id_kelurahan) VALUES(911, 'Jomegatan', 93);
INSERT INTO public.dusun (id, nama_dusun, id_kelurahan) VALUES(912, 'Janten', 93);
INSERT INTO public.dusun (id, nama_dusun, id_kelurahan) VALUES(913, 'Sonopakis Lor', 93);
INSERT INTO public.dusun (id, nama_dusun, id_kelurahan) VALUES(914, 'Sonopakis Kidul', 93);
INSERT INTO public.dusun (id, nama_dusun, id_kelurahan) VALUES(915, 'Onggobayan', 93);
INSERT INTO public.dusun (id, nama_dusun, id_kelurahan) VALUES(916, 'Sidorejo', 93);
INSERT INTO public.dusun (id, nama_dusun, id_kelurahan) VALUES(917, 'Dumpuh', 94);
INSERT INTO public.dusun (id, nama_dusun, id_kelurahan) VALUES(918, 'Dingkikan', 94);
INSERT INTO public.dusun (id, nama_dusun, id_kelurahan) VALUES(919, 'Ngepek', 94);
INSERT INTO public.dusun (id, nama_dusun, id_kelurahan) VALUES(920, 'Cawan', 94);
INSERT INTO public.dusun (id, nama_dusun, id_kelurahan) VALUES(921, 'Bakal', 94);
INSERT INTO public.dusun (id, nama_dusun, id_kelurahan) VALUES(922, 'Demangan', 94);
INSERT INTO public.dusun (id, nama_dusun, id_kelurahan) VALUES(923, 'Bakal Dukuh', 94);
INSERT INTO public.dusun (id, nama_dusun, id_kelurahan) VALUES(924, 'Sukohardjo', 94);
INSERT INTO public.dusun (id, nama_dusun, id_kelurahan) VALUES(925, 'Sumberan', 94);
INSERT INTO public.dusun (id, nama_dusun, id_kelurahan) VALUES(926, 'Selogedong', 94);
INSERT INTO public.dusun (id, nama_dusun, id_kelurahan) VALUES(927, 'Sungapan Dukuh', 94);
INSERT INTO public.dusun (id, nama_dusun, id_kelurahan) VALUES(928, 'Sungapan', 94);
INSERT INTO public.dusun (id, nama_dusun, id_kelurahan) VALUES(929, 'Kadibeso', 94);
INSERT INTO public.dusun (id, nama_dusun, id_kelurahan) VALUES(930, 'Brongkol', 94);
INSERT INTO public.dusun (id, nama_dusun, id_kelurahan) VALUES(931, 'Kalakan', 95);
INSERT INTO public.dusun (id, nama_dusun, id_kelurahan) VALUES(932, 'Semampir', 95);
INSERT INTO public.dusun (id, nama_dusun, id_kelurahan) VALUES(933, 'Kepuhan', 95);
INSERT INTO public.dusun (id, nama_dusun, id_kelurahan) VALUES(934, 'Polaman', 95);
INSERT INTO public.dusun (id, nama_dusun, id_kelurahan) VALUES(935, 'Senowo', 95);
INSERT INTO public.dusun (id, nama_dusun, id_kelurahan) VALUES(936, 'Gunungpolo', 95);
INSERT INTO public.dusun (id, nama_dusun, id_kelurahan) VALUES(937, 'Sundikidul', 95);
INSERT INTO public.dusun (id, nama_dusun, id_kelurahan) VALUES(938, 'Bandut Lor', 95);
INSERT INTO public.dusun (id, nama_dusun, id_kelurahan) VALUES(939, 'Bandut Kidul', 95);
INSERT INTO public.dusun (id, nama_dusun, id_kelurahan) VALUES(940, 'Metes', 95);
INSERT INTO public.dusun (id, nama_dusun, id_kelurahan) VALUES(941, 'Pendul', 95);
INSERT INTO public.dusun (id, nama_dusun, id_kelurahan) VALUES(942, 'Pereng wetan', 95);
INSERT INTO public.dusun (id, nama_dusun, id_kelurahan) VALUES(943, 'Ngentak', 95);
INSERT INTO public.dusun (id, nama_dusun, id_kelurahan) VALUES(944, 'Kalijoho', 96);
INSERT INTO public.dusun (id, nama_dusun, id_kelurahan) VALUES(945, 'Klangen', 96);
INSERT INTO public.dusun (id, nama_dusun, id_kelurahan) VALUES(946, 'Tapen', 96);
INSERT INTO public.dusun (id, nama_dusun, id_kelurahan) VALUES(947, 'Botokan', 96);
INSERT INTO public.dusun (id, nama_dusun, id_kelurahan) VALUES(948, 'Gunung Mojo', 96);
INSERT INTO public.dusun (id, nama_dusun, id_kelurahan) VALUES(949, 'Jambon', 96);
INSERT INTO public.dusun (id, nama_dusun, id_kelurahan) VALUES(950, 'Tonalan', 96);
INSERT INTO public.dusun (id, nama_dusun, id_kelurahan) VALUES(951, 'Gayam', 96);
INSERT INTO public.dusun (id, nama_dusun, id_kelurahan) VALUES(952, 'Jaten', 96);
INSERT INTO public.dusun (id, nama_dusun, id_kelurahan) VALUES(953, 'Jurug', 96);
INSERT INTO public.dusun (id, nama_dusun, id_kelurahan) VALUES(954, 'Gubug', 96);
INSERT INTO public.dusun (id, nama_dusun, id_kelurahan) VALUES(955, 'Sedayu', 96);
INSERT INTO public.dusun (id, nama_dusun, id_kelurahan) VALUES(956, 'Pedusan', 96);
INSERT INTO public.dusun (id, nama_dusun, id_kelurahan) VALUES(957, 'Puluhan', 97);
INSERT INTO public.dusun (id, nama_dusun, id_kelurahan) VALUES(958, 'Kemusuk Lor', 97);
INSERT INTO public.dusun (id, nama_dusun, id_kelurahan) VALUES(959, 'Kemusuk Kidul', 97);
INSERT INTO public.dusun (id, nama_dusun, id_kelurahan) VALUES(960, 'Srontakan', 97);
INSERT INTO public.dusun (id, nama_dusun, id_kelurahan) VALUES(961, 'Samben', 97);
INSERT INTO public.dusun (id, nama_dusun, id_kelurahan) VALUES(962, 'Sengon karang', 97);
INSERT INTO public.dusun (id, nama_dusun, id_kelurahan) VALUES(963, 'Watu', 97);
INSERT INTO public.dusun (id, nama_dusun, id_kelurahan) VALUES(964, 'Panggang', 97);
INSERT INTO public.dusun (id, nama_dusun, id_kelurahan) VALUES(965, 'Karanglo', 97);
INSERT INTO public.dusun (id, nama_dusun, id_kelurahan) VALUES(966, 'Pedes', 97);
INSERT INTO public.dusun (id, nama_dusun, id_kelurahan) VALUES(967, 'Plawonan', 97);
INSERT INTO public.dusun (id, nama_dusun, id_kelurahan) VALUES(968, 'Surobayan', 97);
INSERT INTO public.dusun (id, nama_dusun, id_kelurahan) VALUES(969, 'Kaliurang', 97);
INSERT INTO public.dusun (id, nama_dusun, id_kelurahan) VALUES(970, 'Kaliberot', 97);
INSERT INTO public.dusun (id, nama_dusun, id_kelurahan) VALUES(971, 'Bangkel', 100);
INSERT INTO public.dusun (id, nama_dusun, id_kelurahan) VALUES(972, 'Klenggotan', 100);
INSERT INTO public.dusun (id, nama_dusun, id_kelurahan) VALUES(973, 'Payak Cilik', 100);
INSERT INTO public.dusun (id, nama_dusun, id_kelurahan) VALUES(974, 'Payak Tengah', 100);
INSERT INTO public.dusun (id, nama_dusun, id_kelurahan) VALUES(975, 'Payak Wetan', 100);
INSERT INTO public.dusun (id, nama_dusun, id_kelurahan) VALUES(976, 'Onggopatran', 100);
INSERT INTO public.dusun (id, nama_dusun, id_kelurahan) VALUES(977, 'Kabregan', 100);
INSERT INTO public.dusun (id, nama_dusun, id_kelurahan) VALUES(978, 'Sandeyan', 100);
INSERT INTO public.dusun (id, nama_dusun, id_kelurahan) VALUES(979, 'Plesedan', 100);
INSERT INTO public.dusun (id, nama_dusun, id_kelurahan) VALUES(980, 'Duwet Gentong', 100);
INSERT INTO public.dusun (id, nama_dusun, id_kelurahan) VALUES(981, 'Ngijo', 100);
INSERT INTO public.dusun (id, nama_dusun, id_kelurahan) VALUES(982, 'Jombor', 100);
INSERT INTO public.dusun (id, nama_dusun, id_kelurahan) VALUES(983, 'Bintaran Kulon', 100);
INSERT INTO public.dusun (id, nama_dusun, id_kelurahan) VALUES(984, 'Bintaran Wetan', 100);
INSERT INTO public.dusun (id, nama_dusun, id_kelurahan) VALUES(985, 'Cikal', 100);
INSERT INTO public.dusun (id, nama_dusun, id_kelurahan) VALUES(986, 'Kradenan', 100);
INSERT INTO public.dusun (id, nama_dusun, id_kelurahan) VALUES(987, 'Jolosutro', 100);
INSERT INTO public.dusun (id, nama_dusun, id_kelurahan) VALUES(988, 'Prayan', 100);
INSERT INTO public.dusun (id, nama_dusun, id_kelurahan) VALUES(989, 'Ngelosari', 100);
INSERT INTO public.dusun (id, nama_dusun, id_kelurahan) VALUES(990, 'Jasem', 100);
INSERT INTO public.dusun (id, nama_dusun, id_kelurahan) VALUES(991, 'Padeyan', 100);
INSERT INTO public.dusun (id, nama_dusun, id_kelurahan) VALUES(992, 'Kaligatuk', 100);
INSERT INTO public.dusun (id, nama_dusun, id_kelurahan) VALUES(993, 'Mandungan', 101);
INSERT INTO public.dusun (id, nama_dusun, id_kelurahan) VALUES(994, 'Piyungan', 101);
INSERT INTO public.dusun (id, nama_dusun, id_kelurahan) VALUES(995, 'Pos Piyungan', 101);
INSERT INTO public.dusun (id, nama_dusun, id_kelurahan) VALUES(996, 'Wanujoyo Lor', 101);
INSERT INTO public.dusun (id, nama_dusun, id_kelurahan) VALUES(997, 'Wanujoyo Kidul', 101);
INSERT INTO public.dusun (id, nama_dusun, id_kelurahan) VALUES(998, 'Munggur', 101);
INSERT INTO public.dusun (id, nama_dusun, id_kelurahan) VALUES(999, 'Mutihan', 101);
INSERT INTO public.dusun (id, nama_dusun, id_kelurahan) VALUES(1000, 'Daraman', 101);
INSERT INTO public.dusun (id, nama_dusun, id_kelurahan) VALUES(1001, 'Kwasen', 101);
INSERT INTO public.dusun (id, nama_dusun, id_kelurahan) VALUES(1002, 'Mojosari', 101);
INSERT INTO public.dusun (id, nama_dusun, id_kelurahan) VALUES(1003, 'Kembangsari', 101);
INSERT INTO public.dusun (id, nama_dusun, id_kelurahan) VALUES(1004, 'Petir', 101);
INSERT INTO public.dusun (id, nama_dusun, id_kelurahan) VALUES(1005, 'Sanansari', 101);
INSERT INTO public.dusun (id, nama_dusun, id_kelurahan) VALUES(1006, 'Bulusari', 101);
INSERT INTO public.dusun (id, nama_dusun, id_kelurahan) VALUES(1007, 'Rejosari', 101);
INSERT INTO public.dusun (id, nama_dusun, id_kelurahan) VALUES(1008, 'Kemloko', 101);
INSERT INTO public.dusun (id, nama_dusun, id_kelurahan) VALUES(1009, 'Umbulsari', 101);

